id,Region,Year,male_medal_efficiency,female_medal_efficiency,total_medal_efficiency
1936_AFG,AFG,1936,0,0,0
1948_AFG,AFG,1948,0,0,0
1956_AFG,AFG,1956,0,0,0
1960_AFG,AFG,1960,0,0,0
1964_AFG,AFG,1964,0,0,0
1968_AFG,AFG,1968,0,0,0
1972_AFG,AFG,1972,0,0,0
1980_AFG,AFG,1980,0,0,0
1988_AFG,AFG,1988,0,0,0
1996_AFG,AFG,1996,0,0,0
2004_AFG,AFG,2004,0,0,0
2008_AFG,AFG,2008,0.333,0,0.25
2012_AFG,AFG,2012,0.2,0,0.167
2016_AFG,AFG,2016,0,0,0
1952_AHO,AHO,1952,0,0,0
1960_AHO,AHO,1960,0,0,0
1964_AHO,AHO,1964,0,0,0
1968_AHO,AHO,1968,0,0,0
1972_AHO,AHO,1972,0,0,0
1976_AHO,AHO,1976,0,0,0
1984_AHO,AHO,1984,0,0,0
1988_AHO,AHO,1988,0.5,0,0.4
1992_AHO,AHO,1992,0,0,0
1996_AHO,AHO,1996,0,0,0
2000_AHO,AHO,2000,0,0,0
2004_AHO,AHO,2004,0,0,0
2008_AHO,AHO,2008,0,0,0
1972_ALB,ALB,1972,0,0,0
1992_ALB,ALB,1992,0,0,0
1996_ALB,ALB,1996,0,0,0
2000_ALB,ALB,2000,0,0,0
2004_ALB,ALB,2004,0,0,0
2006_ALB,ALB,2006,0,0,0
2008_ALB,ALB,2008,0,0,0
2010_ALB,ALB,2010,0,0,0
2012_ALB,ALB,2012,0,0,0
2014_ALB,ALB,2014,0,0,0
2016_ALB,ALB,2016,0,0,0
1964_ALG,ALG,1964,0,0,0
1968_ALG,ALG,1968,0,0,0
1972_ALG,ALG,1972,0,0,0
1980_ALG,ALG,1980,0,0,0
1984_ALG,ALG,1984,0.061,0,0.061
1988_ALG,ALG,1988,0,0,0
1992_ALG,ALG,1992,0.028,1.333,0.128
1996_ALG,ALG,1996,0.231,0,0.2
2000_ALG,ALG,2000,0.135,0.4,0.191
2004_ALG,ALG,2004,0,0,0
2006_ALG,ALG,2006,0,0,0
2008_ALG,ALG,2008,0.059,0.045,0.054
2010_ALG,ALG,2010,0,0,0
2012_ALG,ALG,2012,0.19,0,0.105
2016_ALG,ALG,2016,0,0,0
1976_AND,AND,1976,0,0,0
1980_AND,AND,1980,0,0,0
1984_AND,AND,1984,0,0,0
1988_AND,AND,1988,0,0,0
1992_AND,AND,1992,0,0,0
1994_AND,AND,1994,0,0,0
1996_AND,AND,1996,0,0,0
1998_AND,AND,1998,0,0,0
2000_AND,AND,2000,0,0,0
2002_AND,AND,2002,0,0,0
2004_AND,AND,2004,0,0,0
2006_AND,AND,2006,0,0,0
2008_AND,AND,2008,0,0,0
2010_AND,AND,2010,0,0,0
2012_AND,AND,2012,0,0,0
2014_AND,AND,2014,0,0,0
2016_AND,AND,2016,0,0,0
1980_ANG,ANG,1980,0,0,0
1988_ANG,ANG,1988,0,0,0
1992_ANG,ANG,1992,0,0,0
1996_ANG,ANG,1996,0,0,0
2000_ANG,ANG,2000,0,0,0
2004_ANG,ANG,2004,0,0,0
2008_ANG,ANG,2008,0,0,0
2012_ANG,ANG,2012,0,0,0
2016_ANG,ANG,2016,0,0,0
1976_ANT,ANT,1976,0,0,0
1984_ANT,ANT,1984,0,0,0
1988_ANT,ANT,1988,0,0,0
1992_ANT,ANT,1992,0,0,0
1996_ANT,ANT,1996,0,0,0
2000_ANT,ANT,2000,0,0,0
2004_ANT,ANT,2004,0,0,0
2008_ANT,ANT,2008,0,0,0
2012_ANT,ANT,2012,0,0,0
2016_ANT,ANT,2016,0,0,0
1908_ANZ,ANZ,1908,2.2,0,2.2
1912_ANZ,ANZ,1912,0.826,3,1
1900_ARG,ARG,1900,0,0,0
1908_ARG,ARG,1908,0,0,0
1920_ARG,ARG,1920,0,0,0
1924_ARG,ARG,1924,0.364,0,0.364
1928_ARG,ARG,1928,0.582,0,0.582
1932_ARG,ARG,1932,0.424,0,0.424
1936_ARG,ARG,1936,0.52,2,0.549
1948_ARG,ARG,1948,0.127,0.182,0.13
1952_ARG,ARG,1952,0.111,0,0.104
1956_ARG,ARG,1956,0.088,0,0.086
1960_ARG,ARG,1960,0.073,0,0.071
1964_ARG,ARG,1964,0.019,0,0.018
1968_ARG,ARG,1968,0.023,0,0.021
1972_ARG,ARG,1972,0.022,0,0.021
1976_ARG,ARG,1976,0,0,0
1980_ARG,ARG,1980,0,0,0
1984_ARG,ARG,1984,0,0,0
1988_ARG,ARG,1988,0.117,0.067,0.105
1992_ARG,ARG,1992,0.024,0,0.019
1994_ARG,ARG,1994,0,0,0
1996_ARG,ARG,1996,0.295,0,0.218
1998_ARG,ARG,1998,0,0,0
2000_ARG,ARG,2000,0.041,0.733,0.259
2002_ARG,ARG,2002,0,0,0
2004_ARG,ARG,2004,1.075,0.413,0.875
2006_ARG,ARG,2006,0,0,0
2008_ARG,ARG,2008,1.19,0.321,0.841
2010_ARG,ARG,2010,0,0,0
2012_ARG,ARG,2012,0.072,0.75,0.27
2014_ARG,ARG,2014,0,0,0
2016_ARG,ARG,2016,0.557,0.107,0.4
1994_ARM,ARM,1994,0,0,0
1996_ARM,ARM,1996,0.2,0,0.188
1998_ARM,ARM,1998,0,0,0
2000_ARM,ARM,2000,0.043,0,0.04
2002_ARM,ARM,2002,0,0,0
2004_ARM,ARM,2004,0,0,0
2006_ARM,ARM,2006,0,0,0
2008_ARM,ARM,2008,0.261,0,0.24
2010_ARM,ARM,2010,0,0,0
2012_ARM,ARM,2012,0.15,0.25,0.167
2014_ARM,ARM,2014,0,0,0
2016_ARM,ARM,2016,0.417,0,0.323
1988_ARU,ARU,1988,0,0,0
1992_ARU,ARU,1992,0,0,0
1996_ARU,ARU,1996,0,0,0
2000_ARU,ARU,2000,0,0,0
2004_ARU,ARU,2004,0,0,0
2008_ARU,ARU,2008,0,0,0
2012_ARU,ARU,2012,0,0,0
2016_ARU,ARU,2016,0,0,0
1988_ASA,ASA,1988,0,0,0
1992_ASA,ASA,1992,0,0,0
1994_ASA,ASA,1994,0,0,0
1996_ASA,ASA,1996,0,0,0
2000_ASA,ASA,2000,0,0,0
2004_ASA,ASA,2004,0,0,0
2008_ASA,ASA,2008,0,0,0
2012_ASA,ASA,2012,0,0,0
2016_ASA,ASA,2016,0,0,0
1896_AUS,AUS,1896,1,0,1
1900_AUS,AUS,1900,2,0,2
1904_AUS,AUS,1904,0.5,0,0.5
1906_AUS,AUS,1906,0.25,0,0.25
1920_AUS,AUS,1920,1.083,0,1
1924_AUS,AUS,1924,0.778,0,0.757
1928_AUS,AUS,1928,0.357,0,0.278
1932_AUS,AUS,1932,1,1.5,1.154
1936_AUS,AUS,1936,0.034,0,0.03
1948_AUS,AUS,1948,0.273,1.222,0.387
1952_AUS,AUS,1952,0.282,0.417,0.3
1956_AUS,AUS,1956,0.291,0.667,0.346
1960_AUS,AUS,1960,0.312,0.697,0.37
1964_AUS,AUS,1964,0.228,0.548,0.282
1968_AUS,AUS,1968,0.645,1,0.71
1972_AUS,AUS,1972,0.224,0.414,0.256
1976_AUS,AUS,1976,0.252,0,0.202
1980_AUS,AUS,1980,0.289,0.156,0.256
1984_AUS,AUS,1984,0.356,0.213,0.313
1988_AUS,AUS,1988,0.112,0.986,0.351
1992_AUS,AUS,1992,0.48,0.212,0.392
1994_AUS,AUS,1994,0.222,0,0.16
1996_AUS,AUS,1996,0.372,0.868,0.571
1998_AUS,AUS,1998,0,0.125,0.043
2000_AUS,AUS,2000,0.455,0.764,0.593
2002_AUS,AUS,2002,0.308,0.333,0.32
2004_AUS,AUS,2004,0.743,0.574,0.67
2006_AUS,AUS,2006,0.174,0.059,0.125
2008_AUS,AUS,2008,0.416,0.668,0.532
2010_AUS,AUS,2010,0.1,0.4,0.25
2012_AUS,AUS,2012,0.403,0.533,0.462
2014_AUS,AUS,2014,0.069,0.097,0.083
2016_AUS,AUS,2016,0.327,0.495,0.412
1896_AUT,AUT,1896,3.333,0,3.333
1900_AUT,AUT,1900,0.313,0,0.313
1904_AUT,AUT,1904,1.5,0,1.5
1906_AUT,AUT,1906,0.677,0,0.677
1908_AUT,AUT,1908,0.143,0,0.143
1912_AUT,AUT,1912,0.241,0.667,0.271
1924_AUT,AUT,1924,0.271,1.6,0.396
1928_AUT,AUT,1928,0.19,0.455,0.216
1932_AUT,AUT,1932,0.304,2,0.5
1936_AUT,AUT,1936,0.43,0.111,0.401
1948_AUT,AUT,1948,0.076,0.364,0.139
1952_AUT,AUT,1952,0.116,0.276,0.147
1956_AUT,AUT,1956,0.152,0.667,0.234
1960_AUT,AUT,1960,0.182,0.033,0.147
1964_AUT,AUT,1964,0.272,0.4,0.295
1968_AUT,AUT,1968,0.316,0.381,0.328
1972_AUT,AUT,1972,0.032,0.24,0.066
1976_AUT,AUT,1976,0.12,0.1,0.117
1980_AUT,AUT,1980,0.227,0.276,0.238
1984_AUT,AUT,1984,0.063,0,0.048
1988_AUT,AUT,1988,0.167,0.364,0.195
1992_AUT,AUT,1992,0.431,0.182,0.362
1994_AUT,AUT,1994,0.154,0.6,0.237
1996_AUT,AUT,1996,0.054,0.063,0.056
1998_AUT,AUT,1998,0.233,0.304,0.25
2000_AUT,AUT,2000,0.218,0.054,0.152
2002_AUT,AUT,2002,0.352,0.158,0.311
2004_AUT,AUT,2004,0.204,0.3,0.23
2006_AUT,AUT,2006,0.818,0.333,0.699
2008_AUT,AUT,2008,0.05,0.067,0.057
2010_AUT,AUT,2010,1.041,0.346,0.8
2012_AUT,AUT,2012,0,0,0
2014_AUT,AUT,2014,0.384,0.45,0.405
2016_AUT,AUT,2016,0.027,0.029,0.028
1996_AZE,AZE,1996,0.1,0,0.087
1998_AZE,AZE,1998,0,0,0
2000_AZE,AZE,2000,0.2,0.667,0.29
2002_AZE,AZE,2002,0,0,0
2004_AZE,AZE,2004,0.2,0.333,0.222
2006_AZE,AZE,2006,0,0,0
2008_AZE,AZE,2008,0.367,0.071,0.273
2010_AZE,AZE,2010,0,0,0
2012_AZE,AZE,2012,0.395,0.214,0.346
2014_AZE,AZE,2014,0,0,0
2016_AZE,AZE,2016,0.548,0.357,0.5
1952_BAH,BAH,1952,0,0,0
1956_BAH,BAH,1956,0.5,0,0.5
1960_BAH,BAH,1960,0,0,0
1964_BAH,BAH,1964,0.727,0,0.727
1968_BAH,BAH,1968,0,0,0
1972_BAH,BAH,1972,0,0,0
1976_BAH,BAH,1976,0,0,0
1984_BAH,BAH,1984,0,0,0
1988_BAH,BAH,1988,0,0,0
1992_BAH,BAH,1992,0.083,0,0.071
1996_BAH,BAH,1996,0,1.429,0.385
2000_BAH,BAH,2000,0.313,1.778,0.84
2004_BAH,BAH,2004,0,0.556,0.227
2008_BAH,BAH,2008,0.813,0,0.52
2012_BAH,BAH,2012,1.333,0,0.762
2016_BAH,BAH,2016,0.294,0.333,0.31
1984_BAN,BAN,1984,0,0,0
1988_BAN,BAN,1988,0,0,0
1992_BAN,BAN,1992,0,0,0
1996_BAN,BAN,1996,0,0,0
2000_BAN,BAN,2000,0,0,0
2004_BAN,BAN,2004,0,0,0
2008_BAN,BAN,2008,0,0,0
2012_BAN,BAN,2012,0,0,0
2016_BAN,BAN,2016,0,0,0
1968_BAR,BAR,1968,0,0,0
1972_BAR,BAR,1972,0,0,0
1976_BAR,BAR,1976,0,0,0
1984_BAR,BAR,1984,0,0,0
1988_BAR,BAR,1988,0,0,0
1992_BAR,BAR,1992,0,0,0
1996_BAR,BAR,1996,0,0,0
2000_BAR,BAR,2000,0.083,0,0.056
2004_BAR,BAR,2004,0,0,0
2008_BAR,BAR,2008,0,0,0
2012_BAR,BAR,2012,0,0,0
2016_BAR,BAR,2016,0,0,0
1996_BDI,BDI,1996,0.667,0,0.571
2000_BDI,BDI,2000,0,0,0
2004_BDI,BDI,2004,0,0,0
2008_BDI,BDI,2008,0,0,0
2012_BDI,BDI,2012,0,0,0
2016_BDI,BDI,2016,0,0.5,0.222
1900_BEL,BEL,1900,1.141,0,1.141
1906_BEL,BEL,1906,0.75,0,0.75
1908_BEL,BEL,1908,0.8,0,0.8
1912_BEL,BEL,1912,0.943,0,0.917
1920_BEL,BEL,1920,0.859,0,0.833
1924_BEL,BEL,1924,0.388,0,0.374
1928_BEL,BEL,1928,0.035,0,0.033
1932_BEL,BEL,1932,0.03,0,0.024
1936_BEL,BEL,1936,0.083,0,0.08
1948_BEL,BEL,1948,0.31,0.19,0.294
1952_BEL,BEL,1952,0.129,0,0.125
1956_BEL,BEL,1956,0.07,0,0.066
1960_BEL,BEL,1960,0.065,0,0.059
1964_BEL,BEL,1964,0.136,0,0.132
1968_BEL,BEL,1968,0.052,0,0.049
1972_BEL,BEL,1972,0.048,0,0.045
1976_BEL,BEL,1976,0.077,0,0.057
1980_BEL,BEL,1980,0.089,0,0.066
1984_BEL,BEL,1984,0.163,0.111,0.149
1988_BEL,BEL,1988,0.057,0,0.033
1992_BEL,BEL,1992,0.021,0.115,0.055
1994_BEL,BEL,1994,0,0,0
1996_BEL,BEL,1996,0.171,0.35,0.23
1998_BEL,BEL,1998,1,0,1
2000_BEL,BEL,2000,0.167,0.125,0.147
2002_BEL,BEL,2002,0,0,0
2004_BEL,BEL,2004,0.032,0.263,0.12
2006_BEL,BEL,2006,0,0,0
2008_BEL,BEL,2008,0,0.706,0.128
2010_BEL,BEL,2010,0,0,0
2012_BEL,BEL,2012,0.029,0.048,0.036
2014_BEL,BEL,2014,0,0,0
2016_BEL,BEL,2016,0.557,0.147,0.423
1972_BEN,BEN,1972,0,0,0
1980_BEN,BEN,1980,0,0,0
1984_BEN,BEN,1984,0,0,0
1988_BEN,BEN,1988,0,0,0
1992_BEN,BEN,1992,0,0,0
1996_BEN,BEN,1996,0,0,0
2000_BEN,BEN,2000,0,0,0
2004_BEN,BEN,2004,0,0,0
2008_BEN,BEN,2008,0,0,0
2012_BEN,BEN,2012,0,0,0
2016_BEN,BEN,2016,0,0,0
1936_BER,BER,1936,0,0,0
1948_BER,BER,1948,0,0,0
1952_BER,BER,1952,0,0,0
1956_BER,BER,1956,0,0,0
1960_BER,BER,1960,0,0,0
1964_BER,BER,1964,0,0,0
1968_BER,BER,1968,0,0,0
1972_BER,BER,1972,0,0,0
1976_BER,BER,1976,0.067,0,0.063
1984_BER,BER,1984,0,0,0
1988_BER,BER,1988,0,0,0
1992_BER,BER,1992,0,0,0
1994_BER,BER,1994,0,0,0
1996_BER,BER,1996,0,0,0
1998_BER,BER,1998,0,0,0
2000_BER,BER,2000,0,0,0
2002_BER,BER,2002,0,0,0
2004_BER,BER,2004,0,0,0
2006_BER,BER,2006,0,0,0
2008_BER,BER,2008,0,0,0
2010_BER,BER,2010,0,0,0
2012_BER,BER,2012,0,0,0
2014_BER,BER,2014,0,0,0
2016_BER,BER,2016,0,0,0
1984_BHU,BHU,1984,0,0,0
1988_BHU,BHU,1988,0,0,0
1992_BHU,BHU,1992,0,0,0
1996_BHU,BHU,1996,0,0,0
2000_BHU,BHU,2000,0,0,0
2004_BHU,BHU,2004,0,0,0
2008_BHU,BHU,2008,0,0,0
2012_BHU,BHU,2012,0,0,0
2016_BHU,BHU,2016,0,0,0
1992_BIH,BIH,1992,0,0,0
1994_BIH,BIH,1994,0,0,0
1996_BIH,BIH,1996,0,0,0
1998_BIH,BIH,1998,0,0,0
2000_BIH,BIH,2000,0,0,0
2002_BIH,BIH,2002,0,0,0
2004_BIH,BIH,2004,0,0,0
2006_BIH,BIH,2006,0,0,0
2008_BIH,BIH,2008,0,0,0
2010_BIH,BIH,2010,0,0,0
2012_BIH,BIH,2012,0,0,0
2014_BIH,BIH,2014,0,0,0
2016_BIH,BIH,2016,0,0,0
1968_BIZ,BIZ,1968,0,0,0
1972_BIZ,BIZ,1972,0,0,0
1976_BIZ,BIZ,1976,0,0,0
1984_BIZ,BIZ,1984,0,0,0
1988_BIZ,BIZ,1988,0,0,0
1992_BIZ,BIZ,1992,0,0,0
1996_BIZ,BIZ,1996,0,0,0
2000_BIZ,BIZ,2000,0,0,0
2004_BIZ,BIZ,2004,0,0,0
2008_BIZ,BIZ,2008,0,0,0
2012_BIZ,BIZ,2012,0,0,0
2016_BIZ,BIZ,2016,0,0,0
1994_BLR,BLR,1994,0.095,0.167,0.121
1996_BLR,BLR,1996,0.132,0.242,0.178
1998_BLR,BLR,1998,0.045,0,0.034
2000_BLR,BLR,2000,0.139,0.433,0.281
2002_BLR,BLR,2002,0.023,0,0.016
2004_BLR,BLR,2004,0.171,0.174,0.172
2006_BLR,BLR,2006,0.143,0,0.071
2008_BLR,BLR,2008,0.419,0.226,0.328
2010_BLR,BLR,2010,0.182,0.071,0.149
2012_BLR,BLR,2012,0.18,0.338,0.25
2014_BLR,BLR,2014,0.267,0.455,0.346
2016_BLR,BLR,2016,0.189,0.134,0.158
1900_BOH,BOH,1900,0.333,0,0.286
1906_BOH,BOH,1906,0.077,0,0.077
1908_BOH,BOH,1908,0.211,0,0.211
1912_BOH,BOH,1912,0,0,0
1936_BOL,BOL,1936,0,0,0
1956_BOL,BOL,1956,0,0,0
1964_BOL,BOL,1964,0,0,0
1968_BOL,BOL,1968,0,0,0
1972_BOL,BOL,1972,0,0,0
1976_BOL,BOL,1976,0,0,0
1980_BOL,BOL,1980,0,0,0
1984_BOL,BOL,1984,0,0,0
1988_BOL,BOL,1988,0,0,0
1992_BOL,BOL,1992,0,0,0
1996_BOL,BOL,1996,0,0,0
2000_BOL,BOL,2000,0,0,0
2004_BOL,BOL,2004,0,0,0
2008_BOL,BOL,2008,0,0,0
2012_BOL,BOL,2012,0,0,0
2016_BOL,BOL,2016,0,0,0
1980_BOT,BOT,1980,0,0,0
1984_BOT,BOT,1984,0,0,0
1988_BOT,BOT,1988,0,0,0
1992_BOT,BOT,1992,0,0,0
1996_BOT,BOT,1996,0,0,0
2000_BOT,BOT,2000,0,0,0
2004_BOT,BOT,2004,0,0,0
2008_BOT,BOT,2008,0,0,0
2012_BOT,BOT,2012,0.667,0,0.5
2016_BOT,BOT,2016,0,0,0
1900_BRA,BRA,1900,0,0,0
1920_BRA,BRA,1920,0.579,0,0.579
1924_BRA,BRA,1924,0,0,0
1932_BRA,BRA,1932,0,0,0
1936_BRA,BRA,1936,0,0,0
1948_BRA,BRA,1948,0.169,0,0.143
1952_BRA,BRA,1952,0.065,0,0.062
1956_BRA,BRA,1956,0.087,0,0.085
1960_BRA,BRA,1960,0.183,0,0.181
1964_BRA,BRA,1964,0.2,0,0.197
1968_BRA,BRA,1968,0.068,0,0.066
1972_BRA,BRA,1972,0.026,0,0.025
1976_BRA,BRA,1976,0.042,0,0.038
1980_BRA,BRA,1980,0.231,0,0.198
1984_BRA,BRA,1984,0.571,0,0.49
1988_BRA,BRA,1988,0.339,0,0.269
1992_BRA,BRA,1992,0.391,0,0.286
1994_BRA,BRA,1994,0,0,0
1996_BRA,BRA,1996,0.288,0.738,0.421
1998_BRA,BRA,1998,0,0,0
2000_BRA,BRA,2000,0.283,0.326,0.303
2002_BRA,BRA,2002,0,0,0
2004_BRA,BRA,2004,0.605,0.319,0.465
2006_BRA,BRA,2006,0,0,0
2008_BRA,BRA,2008,0.446,0.713,0.575
2010_BRA,BRA,2010,0,0,0
2012_BRA,BRA,2012,0.595,0.487,0.544
2014_BRA,BRA,2014,0,0,0
2016_BRA,BRA,2016,0.565,0.087,0.351
1984_BRN,BRN,1984,0,0,0
1988_BRN,BRN,1988,0,0,0
1992_BRN,BRN,1992,0,0,0
1996_BRN,BRN,1996,0,0,0
2000_BRN,BRN,2000,0,0,0
2004_BRN,BRN,2004,0,0,0
2008_BRN,BRN,2008,0,0,0
2012_BRN,BRN,2012,0,0.125,0.083
2016_BRN,BRN,2016,0,0.462,0.182
1996_BRU,BRU,1996,0,0,0
2000_BRU,BRU,2000,0,0,0
2004_BRU,BRU,2004,0,0,0
2012_BRU,BRU,2012,0,0,0
2016_BRU,BRU,2016,0,0,0
1924_BUL,BUL,1924,0,0,0
1928_BUL,BUL,1928,0,0,0
1932_BUL,BUL,1932,0,0,0
1936_BUL,BUL,1936,0,0,0
1948_BUL,BUL,1948,0,0,0
1952_BUL,BUL,1952,0.016,0,0.014
1956_BUL,BUL,1956,0.48,0,0.444
1960_BUL,BUL,1960,0.14,0,0.124
1964_BUL,BUL,1964,0.407,0,0.343
1968_BUL,BUL,1968,0.51,0,0.449
1972_BUL,BUL,1972,0.4,0.25,0.373
1976_BUL,BUL,1976,0.216,0.887,0.406
1980_BUL,BUL,1980,0.545,0.625,0.57
1984_BUL,BUL,1984,0,0,0
1988_BUL,BUL,1988,0.357,0.557,0.427
1992_BUL,BUL,1992,0.156,0.136,0.149
1994_BUL,BUL,1994,0,0,0
1996_BUL,BUL,1996,0.311,0.528,0.382
1998_BUL,BUL,1998,0,0.364,0.211
2000_BUL,BUL,2000,0.346,0.256,0.308
2002_BUL,BUL,2002,0,0.4,0.174
2004_BUL,BUL,2004,0.245,0.261,0.253
2006_BUL,BUL,2006,0,0.2,0.095
2008_BUL,BUL,2008,0.07,0.222,0.129
2010_BUL,BUL,2010,0,0,0
2012_BUL,BUL,2012,0.027,0.077,0.048
2014_BUL,BUL,2014,0,0,0
2016_BUL,BUL,2016,0,0.364,0.157
1972_BUR,BUR,1972,0,0,0
1988_BUR,BUR,1988,0,0,0
1992_BUR,BUR,1992,0,0,0
1996_BUR,BUR,1996,0,0,0
2000_BUR,BUR,2000,0,0,0
2004_BUR,BUR,2004,0,0,0
2008_BUR,BUR,2008,0,0,0
2012_BUR,BUR,2012,0,0,0
2016_BUR,BUR,2016,0,0,0
1968_CAF,CAF,1968,0,0,0
1984_CAF,CAF,1984,0,0,0
1988_CAF,CAF,1988,0,0,0
1992_CAF,CAF,1992,0,0,0
1996_CAF,CAF,1996,0,0,0
2000_CAF,CAF,2000,0,0,0
2004_CAF,CAF,2004,0,0,0
2008_CAF,CAF,2008,0,0,0
2012_CAF,CAF,2012,0,0,0
2016_CAF,CAF,2016,0,0,0
1956_CAM,CAM,1956,0,0,0
1964_CAM,CAM,1964,0,0,0
1972_CAM,CAM,1972,0,0,0
1996_CAM,CAM,1996,0,0,0
2000_CAM,CAM,2000,0,0,0
2004_CAM,CAM,2004,0,0,0
2008_CAM,CAM,2008,0,0,0
2012_CAM,CAM,2012,0,0,0
2016_CAM,CAM,2016,0,0,0
1900_CAN,CAN,1900,1.25,0,1.25
1904_CAN,CAN,1904,2.464,0,2.464
1906_CAN,CAN,1906,2,0,2
1908_CAN,CAN,1908,1.034,0,1.034
1912_CAN,CAN,1912,0.297,0,0.297
1920_CAN,CAN,1920,0.942,0,0.942
1924_CAN,CAN,1924,0.987,0,0.974
1928_CAN,CAN,1928,0.927,2.3,1.076
1932_CAN,CAN,1932,0.837,0.333,0.764
1936_CAN,CAN,1936,0.574,0.2,0.5
1948_CAN,CAN,1948,0.415,0.36,0.406
1952_CAN,CAN,1952,0.586,0,0.514
1956_CAN,CAN,1956,0.565,0.174,0.496
1960_CAN,CAN,1960,0.528,0.381,0.504
1964_CAN,CAN,1964,0.225,0.094,0.2
1968_CAN,CAN,1968,0.194,0.233,0.202
1972_CAN,CAN,1972,0.053,0.074,0.059
1976_CAN,CAN,1976,0.057,0.097,0.07
1980_CAN,CAN,1980,0.073,0,0.051
1984_CAN,CAN,1984,0.323,0.392,0.348
1988_CAN,CAN,1988,0.069,0.126,0.086
1992_CAN,CAN,1992,0.438,0.303,0.39
1994_CAN,CAN,1994,0.818,0.31,0.663
1996_CAN,CAN,1996,0.23,0.377,0.304
1998_CAN,CAN,1998,0.543,1.19,0.826
2000_CAN,CAN,2000,0.14,0.181,0.16
2002_CAN,CAN,2002,1.435,1.646,1.527
2004_CAN,CAN,2004,0.177,0.098,0.137
2006_CAN,CAN,2006,0.454,1.494,0.906
2008_CAN,CAN,2008,0.349,0.11,0.244
2010_CAN,CAN,2010,1.407,1.534,1.463
2012_CAN,CAN,2012,0.235,0.331,0.289
2014_CAN,CAN,2014,1.124,1.427,1.258
2016_CAN,CAN,2016,0.094,0.355,0.248
1976_CAY,CAY,1976,0,0,0
1984_CAY,CAY,1984,0,0,0
1988_CAY,CAY,1988,0,0,0
1992_CAY,CAY,1992,0,0,0
1996_CAY,CAY,1996,0,0,0
2000_CAY,CAY,2000,0,0,0
2004_CAY,CAY,2004,0,0,0
2008_CAY,CAY,2008,0,0,0
2010_CAY,CAY,2010,0,0,0
2012_CAY,CAY,2012,0,0,0
2014_CAY,CAY,2014,0,0,0
2016_CAY,CAY,2016,0,0,0
1964_CGO,CGO,1964,0,0,0
1972_CGO,CGO,1972,0,0,0
1980_CGO,CGO,1980,0,0,0
1984_CGO,CGO,1984,0,0,0
1988_CGO,CGO,1988,0,0,0
1992_CGO,CGO,1992,0,0,0
1996_CGO,CGO,1996,0,0,0
2000_CGO,CGO,2000,0,0,0
2004_CGO,CGO,2004,0,0,0
2008_CGO,CGO,2008,0,0,0
2012_CGO,CGO,2012,0,0,0
2016_CGO,CGO,2016,0,0,0
1964_CHA,CHA,1964,0,0,0
1968_CHA,CHA,1968,0,0,0
1972_CHA,CHA,1972,0,0,0
1984_CHA,CHA,1984,0,0,0
1988_CHA,CHA,1988,0,0,0
1992_CHA,CHA,1992,0,0,0
1996_CHA,CHA,1996,0,0,0
2000_CHA,CHA,2000,0,0,0
2004_CHA,CHA,2004,0,0,0
2008_CHA,CHA,2008,0,0,0
2012_CHA,CHA,2012,0,0,0
2016_CHA,CHA,2016,0,0,0
1912_CHI,CHI,1912,0,0,0
1920_CHI,CHI,1920,0,0,0
1924_CHI,CHI,1924,0,0,0
1928_CHI,CHI,1928,0.053,0,0.053
1936_CHI,CHI,1936,0,0,0
1948_CHI,CHI,1948,0,0,0
1952_CHI,CHI,1952,0.069,0,0.065
1956_CHI,CHI,1956,0.118,1,0.167
1960_CHI,CHI,1960,0,0,0
1964_CHI,CHI,1964,0,0,0
1968_CHI,CHI,1968,0,0,0
1972_CHI,CHI,1972,0,0,0
1976_CHI,CHI,1976,0,0,0
1984_CHI,CHI,1984,0,0,0
1988_CHI,CHI,1988,0.095,0,0.091
1992_CHI,CHI,1992,0,0,0
1994_CHI,CHI,1994,0,0,0
1996_CHI,CHI,1996,0,0,0
1998_CHI,CHI,1998,0,0,0
2000_CHI,CHI,2000,0.395,0,0.34
2002_CHI,CHI,2002,0,0,0
2004_CHI,CHI,2004,0.313,0,0.227
2006_CHI,CHI,2006,0,0,0
2008_CHI,CHI,2008,0.1,0,0.077
2010_CHI,CHI,2010,0,0,0
2012_CHI,CHI,2012,0,0,0
2014_CHI,CHI,2014,0,0,0
2016_CHI,CHI,2016,0,0,0
1932_CHN,CHN,1932,0,0,0
1936_CHN,CHN,1936,0,0,0
1948_CHN,CHN,1948,0,0,0
1952_CHN,CHN,1952,0,0,0
1980_CHN,CHN,1980,0,0,0
1984_CHN,CHN,1984,0.294,0.909,0.536
1988_CHN,CHN,1988,0.174,0.45,0.301
1992_CHN,CHN,1992,0.364,0.776,0.583
1994_CHN,CHN,1994,0,0.235,0.167
1996_CHN,CHN,1996,0.486,0.781,0.67
1998_CHN,CHN,1998,0.533,0.214,0.298
2000_CHN,CHN,2000,0.912,0.578,0.69
2002_CHN,CHN,2002,0.381,0.244,0.288
2004_CHN,CHN,2004,0.64,0.704,0.681
2006_CHN,CHN,2006,0.229,0.421,0.329
2008_CHN,CHN,2008,0.377,0.872,0.616
2010_CHN,CHN,2010,0.233,0.393,0.337
2012_CHN,CHN,2012,0.688,0.684,0.685
2014_CHN,CHN,2014,0.346,0.444,0.403
2016_CHN,CHN,2016,0.51,0.68,0.615
1964_CIV,CIV,1964,0,0,0
1968_CIV,CIV,1968,0,0,0
1972_CIV,CIV,1972,0,0,0
1976_CIV,CIV,1976,0,0,0
1984_CIV,CIV,1984,0.143,0,0.133
1988_CIV,CIV,1988,0,0,0
1992_CIV,CIV,1992,0,0,0
1996_CIV,CIV,1996,0,0,0
2000_CIV,CIV,2000,0,0,0
2004_CIV,CIV,2004,0,0,0
2008_CIV,CIV,2008,0,0,0
2012_CIV,CIV,2012,0,0,0
2016_CIV,CIV,2016,0.8,0.143,0.417
1964_CMR,CMR,1964,0,0,0
1968_CMR,CMR,1968,0.4,0,0.4
1972_CMR,CMR,1972,0,0,0
1976_CMR,CMR,1976,0,0,0
1980_CMR,CMR,1980,0,0,0
1984_CMR,CMR,1984,0.024,0,0.022
1988_CMR,CMR,1988,0,0,0
1992_CMR,CMR,1992,0,0,0
1996_CMR,CMR,1996,0,0,0
2000_CMR,CMR,2000,2.88,0,2.118
2002_CMR,CMR,2002,0,0,0
2004_CMR,CMR,2004,0,0.571,0.235
2008_CMR,CMR,2008,0,0.571,0.125
2012_CMR,CMR,2012,0,0,0
2016_CMR,CMR,2016,0,0,0
1968_COD,COD,1968,0,0,0
1984_COD,COD,1984,0,0,0
1988_COD,COD,1988,0,0,0
1992_COD,COD,1992,0,0,0
1996_COD,COD,1996,0,0,0
2000_COD,COD,2000,0,0,0
2004_COD,COD,2004,0,0,0
2008_COD,COD,2008,0,0,0
2012_COD,COD,2012,0,0,0
2016_COD,COD,2016,0,0,0
1988_COK,COK,1988,0,0,0
1992_COK,COK,1992,0,0,0
1996_COK,COK,1996,0,0,0
2000_COK,COK,2000,0,0,0
2004_COK,COK,2004,0,0,0
2008_COK,COK,2008,0,0,0
2012_COK,COK,2012,0,0,0
2016_COK,COK,2016,0,0,0
1900_COL,COL,1900,2,0,2
1932_COL,COL,1932,0,0,0
1936_COL,COL,1936,0,0,0
1948_COL,COL,1948,0,0,0
1956_COL,COL,1956,0,0,0
1960_COL,COL,1960,0,0,0
1964_COL,COL,1964,0,0,0
1968_COL,COL,1968,0,0,0
1972_COL,COL,1972,0.073,0,0.068
1976_COL,COL,1976,0,0,0
1980_COL,COL,1980,0,0,0
1984_COL,COL,1984,0.056,0,0.051
1988_COL,COL,1988,0.029,0,0.025
1992_COL,COL,1992,0,0.333,0.02
1996_COL,COL,1996,0,0,0
2000_COL,COL,2000,0,0.211,0.091
2004_COL,COL,2004,0,0.095,0.038
2008_COL,COL,2008,0.047,0.042,0.045
2010_COL,COL,2010,0,0,0
2012_COL,COL,2012,0.133,0.143,0.139
2016_COL,COL,2016,0.11,0.157,0.133
1996_COM,COM,1996,0,0,0
2000_COM,COM,2000,0,0,0
2004_COM,COM,2004,0,0,0
2008_COM,COM,2008,0,0,0
2012_COM,COM,2012,0,0,0
2016_COM,COM,2016,0,0,0
1996_CPV,CPV,1996,0,0,0
2000_CPV,CPV,2000,0,0,0
2004_CPV,CPV,2004,0,0,0
2008_CPV,CPV,2008,0,0,0
2012_CPV,CPV,2012,0,0,0
2016_CPV,CPV,2016,0,0,0
1936_CRC,CRC,1936,0,0,0
1964_CRC,CRC,1964,0,0,0
1968_CRC,CRC,1968,0,0,0
1972_CRC,CRC,1972,0,0,0
1976_CRC,CRC,1976,0,0,0
1980_CRC,CRC,1980,0,0,0
1984_CRC,CRC,1984,0,0,0
1988_CRC,CRC,1988,0,0.286,0.111
1992_CRC,CRC,1992,0,0,0
1996_CRC,CRC,1996,0,0.8,0.364
2000_CRC,CRC,2000,0,0,0
2002_CRC,CRC,2002,0,0,0
2004_CRC,CRC,2004,0,0,0
2006_CRC,CRC,2006,0,0,0
2008_CRC,CRC,2008,0,0,0
2012_CRC,CRC,2012,0,0,0
2016_CRC,CRC,2016,0,0,0
1992_CRO,CRO,1992,0.641,0,0.581
1994_CRO,CRO,1994,0,0,0
1996_CRO,CRO,1996,1.173,0,1.048
1998_CRO,CRO,1998,0,0,0
2000_CRO,CRO,2000,0.206,0,0.148
2002_CRO,CRO,2002,0,0.4,0.154
2004_CRO,CRO,2004,1.045,0,0.852
2006_CRO,CRO,2006,0.125,0.857,0.348
2008_CRO,CRO,2008,0.025,0.263,0.071
2010_CRO,CRO,2010,0.083,0,0.053
2012_CRO,CRO,2012,1.234,0.116,0.785
2014_CRO,CRO,2014,0.286,0,0.182
2016_CRO,CRO,2016,0.773,0.474,0.706
1906_CRT,CRT,1906,0,0,0
1900_CUB,CUB,1900,6,0,6
1904_CUB,CUB,1904,0,0,0
1924_CUB,CUB,1924,0,0,0
1928_CUB,CUB,1928,0,0,0
1932_CUB,CUB,1932,0,0,0
1948_CUB,CUB,1948,0.075,0,0.075
1952_CUB,CUB,1952,0,0,0
1956_CUB,CUB,1956,0,0,0
1960_CUB,CUB,1960,0,0,0
1964_CUB,CUB,1964,0.08,0,0.074
1968_CUB,CUB,1968,0.119,0.571,0.174
1972_CUB,CUB,1972,0.248,0.107,0.219
1976_CUB,CUB,1976,0.288,0,0.244
1980_CUB,CUB,1980,0.269,0.121,0.245
1992_CUB,CUB,1992,1.222,1.08,1.182
1996_CUB,CUB,1996,1.108,0.962,1.061
2000_CUB,CUB,2000,0.728,0.573,0.672
2004_CUB,CUB,2004,1.392,0.574,1.099
2008_CUB,CUB,2008,0.706,0.268,0.551
2012_CUB,CUB,2012,0.369,0.182,0.294
2016_CUB,CUB,2016,0.301,0.088,0.239
1980_CYP,CYP,1980,0,0,0
1984_CYP,CYP,1984,0,0,0
1988_CYP,CYP,1988,0,0,0
1992_CYP,CYP,1992,0,0,0
1994_CYP,CYP,1994,0,0,0
1996_CYP,CYP,1996,0,0,0
1998_CYP,CYP,1998,0,0,0
2000_CYP,CYP,2000,0,0,0
2002_CYP,CYP,2002,0,0,0
2004_CYP,CYP,2004,0,0,0
2006_CYP,CYP,2006,0,0,0
2008_CYP,CYP,2008,0,0,0
2010_CYP,CYP,2010,0,0,0
2012_CYP,CYP,2012,0.222,0,0.154
2014_CYP,CYP,2014,0,0,0
2016_CYP,CYP,2016,0,0,0
1994_CZE,CZE,1994,0,0,0
1996_CZE,CZE,1996,0.158,0.256,0.191
1998_CZE,CZE,1998,1.75,0.231,1.426
2000_CZE,CZE,2000,0.163,0.121,0.151
2002_CZE,CZE,2002,0.07,0,0.053
2004_CZE,CZE,2004,0.2,0.097,0.155
2006_CZE,CZE,2006,0.413,0.3,0.386
2008_CZE,CZE,2008,0.133,0.169,0.149
2010_CZE,CZE,2010,0.044,0.091,0.056
2012_CZE,CZE,2012,0.235,0.215,0.226
2014_CZE,CZE,2014,0.063,0.5,0.184
2016_CZE,CZE,2016,0.242,0.119,0.192
1896_DEN,DEN,1896,3,0,3
1900_DEN,DEN,1900,1.385,0,1.385
1906_DEN,DEN,1906,1.776,0,1.776
1908_DEN,DEN,1908,0.397,0,0.397
1912_DEN,DEN,1912,0.974,2,0.98
1920_DEN,DEN,1920,1.26,1,1.253
1924_DEN,DEN,1924,0.312,0.417,0.326
1928_DEN,DEN,1928,0.366,0,0.33
1932_DEN,DEN,1932,0.486,0.125,0.419
1936_DEN,DEN,1936,0.057,0.188,0.074
1948_DEN,DEN,1948,0.418,1.333,0.518
1952_DEN,DEN,1952,0.138,0.214,0.146
1956_DEN,DEN,1956,0.323,0.5,0.351
1960_DEN,DEN,1960,0.517,0,0.455
1964_DEN,DEN,1964,0.618,0,0.548
1968_DEN,DEN,1968,0.613,0,0.567
1972_DEN,DEN,1972,0.035,0,0.032
1976_DEN,DEN,1976,0.304,0,0.258
1980_DEN,DEN,1980,0.382,0.333,0.379
1984_DEN,DEN,1984,0.184,0.636,0.267
1988_DEN,DEN,1988,0.293,0,0.215
1992_DEN,DEN,1992,0.309,0,0.216
1994_DEN,DEN,1994,0,0,0
1996_DEN,DEN,1996,0.407,1,0.731
1998_DEN,DEN,1998,0,1.429,0.833
2000_DEN,DEN,2000,0.377,1.409,0.845
2002_DEN,DEN,2002,0,0,0
2004_DEN,DEN,2004,0.458,1.477,0.946
2006_DEN,DEN,2006,0,0,0
2008_DEN,DEN,2008,0.641,0.15,0.524
2010_DEN,DEN,2010,0,0,0
2012_DEN,DEN,2012,0.409,0.063,0.263
2014_DEN,DEN,2014,0,0,0
2016_DEN,DEN,2016,0.936,0.512,0.79
1984_DJI,DJI,1984,0,0,0
1988_DJI,DJI,1988,0.167,0,0.167
1992_DJI,DJI,1992,0,0,0
1996_DJI,DJI,1996,0,0,0
2000_DJI,DJI,2000,0,0,0
2008_DJI,DJI,2008,0,0,0
2012_DJI,DJI,2012,0,0,0
2016_DJI,DJI,2016,0,0,0
1996_DMA,DMA,1996,0,0,0
2000_DMA,DMA,2000,0,0,0
2004_DMA,DMA,2004,0,0,0
2008_DMA,DMA,2008,0,0,0
2012_DMA,DMA,2012,0,0,0
2014_DMA,DMA,2014,0,0,0
2016_DMA,DMA,2016,0,0,0
1964_DOM,DOM,1964,0,0,0
1968_DOM,DOM,1968,0,0,0
1972_DOM,DOM,1972,0,0,0
1976_DOM,DOM,1976,0,0,0
1980_DOM,DOM,1980,0,0,0
1984_DOM,DOM,1984,0.067,0,0.053
1988_DOM,DOM,1988,0,0,0
1992_DOM,DOM,1992,0,0,0
1996_DOM,DOM,1996,0,0,0
2000_DOM,DOM,2000,0,0,0
2004_DOM,DOM,2004,0.235,0,0.121
2008_DOM,DOM,2008,0.333,0,0.25
2012_DOM,DOM,2012,0.462,0,0.182
2016_DOM,DOM,2016,0.056,0,0.038
1924_ECU,ECU,1924,0,0,0
1968_ECU,ECU,1968,0,0,0
1972_ECU,ECU,1972,0,0,0
1976_ECU,ECU,1976,0,0,0
1980_ECU,ECU,1980,0,0,0
1984_ECU,ECU,1984,0,0,0
1988_ECU,ECU,1988,0,0,0
1992_ECU,ECU,1992,0,0,0
1996_ECU,ECU,1996,0.235,0,0.211
2000_ECU,ECU,2000,0,0,0
2004_ECU,ECU,2004,0,0,0
2008_ECU,ECU,2008,0.118,0,0.08
2012_ECU,ECU,2012,0,0,0
2016_ECU,ECU,2016,0,0,0
1906_EGY,EGY,1906,0,0,0
1920_EGY,EGY,1920,0,0,0
1924_EGY,EGY,1924,0,0,0
1928_EGY,EGY,1928,0.344,0,0.344
1936_EGY,EGY,1936,0.226,0,0.226
1948_EGY,EGY,1948,0.153,0,0.153
1952_EGY,EGY,1952,0.009,0,0.009
1956_EGY,EGY,1956,0,0,0
1964_EGY,EGY,1964,0,0,0
1968_EGY,EGY,1968,0,0,0
1972_EGY,EGY,1972,0,0,0
1976_EGY,EGY,1976,0,0,0
1984_EGY,EGY,1984,0.018,0,0.017
1988_EGY,EGY,1988,0,0,0
1992_EGY,EGY,1992,0,0,0
1996_EGY,EGY,1996,0,0,0
2000_EGY,EGY,2000,0,0,0
2004_EGY,EGY,2004,0.111,0,0.093
2008_EGY,EGY,2008,0.014,0,0.01
2012_EGY,EGY,2012,0.053,0,0.037
2016_EGY,EGY,2016,0.012,0.054,0.025
2000_ERI,ERI,2000,0,0,0
2004_ERI,ERI,2004,0.333,0,0.25
2008_ERI,ERI,2008,0,0,0
2012_ERI,ERI,2012,0,0,0
2016_ERI,ERI,2016,0,0,0
1932_ESA,ESA,1932,0,0,0
1968_ESA,ESA,1968,0,0,0
1972_ESA,ESA,1972,0,0,0
1984_ESA,ESA,1984,0,0,0
1988_ESA,ESA,1988,0,0,0
1992_ESA,ESA,1992,0,0,0
1996_ESA,ESA,1996,0,0,0
2000_ESA,ESA,2000,0,0,0
2004_ESA,ESA,2004,0,0,0
2008_ESA,ESA,2008,0,0,0
2012_ESA,ESA,2012,0,0,0
2016_ESA,ESA,2016,0,0,0
1900_ESP,ESP,1900,0.889,0,0.889
1920_ESP,ESP,1920,0.793,0,0.793
1924_ESP,ESP,1924,0,0,0
1928_ESP,ESP,1928,0.15,0,0.15
1932_ESP,ESP,1932,0.143,0,0.143
1936_ESP,ESP,1936,0,0,0
1948_ESP,ESP,1948,0.085,0,0.085
1952_ESP,ESP,1952,0.065,0,0.065
1956_ESP,ESP,1956,0,0,0
1960_ESP,ESP,1960,0.103,0,0.095
1964_ESP,ESP,1964,0,0,0
1968_ESP,ESP,1968,0,0,0
1972_ESP,ESP,1972,0.042,0,0.04
1976_ESP,ESP,1976,0.112,0,0.103
1980_ESP,ESP,1980,0.325,0,0.301
1984_ESP,ESP,1984,0.225,0,0.204
1988_ESP,ESP,1988,0.048,0,0.041
1992_ESP,ESP,1992,0.474,0.667,0.531
1994_ESP,ESP,1994,0,0,0
1996_ESP,ESP,1996,0.608,0.4,0.54
1998_ESP,ESP,1998,0,0,0
2000_ESP,ESP,2000,0.292,0.067,0.218
2002_ESP,ESP,2002,0,0,0
2004_ESP,ESP,2004,0.243,0.101,0.18
2006_ESP,ESP,2006,0,0,0
2008_ESP,ESP,2008,0.669,0.142,0.445
2010_ESP,ESP,2010,0,0,0
2012_ESP,ESP,2012,0.214,0.645,0.385
2014_ESP,ESP,2014,0,0,0
2016_ESP,ESP,2016,0.226,0.378,0.296
1920_EST,EST,1920,0.571,0,0.571
1924_EST,EST,1924,0.27,0,0.27
1928_EST,EST,1928,0.727,0,0.727
1932_EST,EST,1932,0,0,0
1936_EST,EST,1936,0.194,0,0.184
1992_EST,EST,1992,0.043,0.444,0.107
1994_EST,EST,1994,0,0,0
1996_EST,EST,1996,0,0,0
1998_EST,EST,1998,0,0,0
2000_EST,EST,2000,0.194,0,0.182
2002_EST,EST,2002,0.5,0,0.412
2004_EST,EST,2004,0.129,0,0.095
2006_EST,EST,2006,0.235,0,0.154
2008_EST,EST,2008,0.235,0,0.17
2010_EST,EST,2010,0,0.167,0.067
2012_EST,EST,2012,0.13,0,0.094
2014_EST,EST,2014,0,0,0
2016_EST,EST,2016,0.143,0,0.087
1956_ETH,ETH,1956,0,0,0
1960_ETH,ETH,1960,0.4,0,0.4
1964_ETH,ETH,1964,0.333,0,0.333
1968_ETH,ETH,1968,0.333,0,0.333
1972_ETH,ETH,1972,0.065,0,0.065
1980_ETH,ETH,1980,0.051,0,0.049
1992_ETH,ETH,1992,0.143,0.667,0.3
1996_ETH,ETH,1996,0.4,0.625,0.5
2000_ETH,ETH,2000,0.933,0.636,0.808
2004_ETH,ETH,2004,0.571,0.667,0.615
2006_ETH,ETH,2006,0,0,0
2008_ETH,ETH,2008,0.214,0.077,0.148
2010_ETH,ETH,2010,0,0,0
2012_ETH,ETH,2012,0.167,0.933,0.515
2016_ETH,ETH,2016,0.235,0.45,0.351
1992_EUN,EUN,1992,0.99,1.072,1.018
1956_FIJ,FIJ,1956,0,0,0
1960_FIJ,FIJ,1960,0,0,0
1968_FIJ,FIJ,1968,0,0,0
1972_FIJ,FIJ,1972,0,0,0
1976_FIJ,FIJ,1976,0,0,0
1984_FIJ,FIJ,1984,0,0,0
1988_FIJ,FIJ,1988,0,0,0
1992_FIJ,FIJ,1992,0,0,0
1994_FIJ,FIJ,1994,0,0,0
1996_FIJ,FIJ,1996,0,0,0
2000_FIJ,FIJ,2000,0,0,0
2002_FIJ,FIJ,2002,0,0,0
2004_FIJ,FIJ,2004,0,0,0
2008_FIJ,FIJ,2008,0,0,0
2012_FIJ,FIJ,2012,0,0,0
2016_FIJ,FIJ,2016,1.444,0,0.981
1906_FIN,FIN,1906,2.75,0,2.75
1908_FIN,FIN,1908,0.548,0,0.548
1912_FIN,FIN,1912,0.716,0,0.707
1920_FIN,FIN,1920,1.726,4,1.762
1924_FIN,FIN,1924,0.874,2,0.882
1928_FIN,FIN,1928,0.667,0,0.644
1932_FIN,FIN,1932,1.106,0,1.106
1936_FIN,FIN,1936,0.623,0,0.598
1948_FIN,FIN,1948,0.463,1,0.484
1952_FIN,FIN,1952,0.272,0.314,0.277
1956_FIN,FIN,1956,0.526,2.4,0.618
1960_FIN,FIN,1960,0.248,0.25,0.248
1964_FIN,FIN,1964,0.225,0.727,0.264
1968_FIN,FIN,1968,0.135,0.429,0.169
1972_FIN,FIN,1972,0.167,0.357,0.185
1976_FIN,FIN,1976,0.304,0.667,0.346
1980_FIN,FIN,1980,0.203,0.143,0.197
1984_FIN,FIN,1984,0.336,0.333,0.336
1988_FIN,FIN,1988,0.61,0.269,0.542
1992_FIN,FIN,1992,0.294,0.146,0.253
1994_FIN,FIN,1994,0.574,0,0.443
1996_FIN,FIN,1996,0.106,0.138,0.118
1998_FIN,FIN,1998,0.882,0.588,0.765
2000_FIN,FIN,2000,0.375,0,0.214
2002_FIN,FIN,2002,0.435,0,0.276
2004_FIN,FIN,2004,0.111,0,0.075
2006_FIN,FIN,2006,1.136,0.129,0.789
2008_FIN,FIN,2008,0.065,0.308,0.175
2010_FIN,FIN,2010,0.414,0.667,0.505
2012_FIN,FIN,2012,0.034,0.185,0.107
2014_FIN,FIN,2014,0.485,0.182,0.384
2016_FIN,FIN,2016,0,0.036,0.019
1896_FRA,FRA,1896,1.5,0,1.5
1900_FRA,FRA,1900,0.547,0,0.537
1904_FRA,FRA,1904,0,0,0
1906_FRA,FRA,1906,1.309,4,1.357
1908_FRA,FRA,1908,0.351,0,0.351
1912_FRA,FRA,1912,0.373,5,0.412
1920_FRA,FRA,1920,0.625,0.5,0.622
1924_FRA,FRA,1924,0.543,0.091,0.509
1928_FRA,FRA,1928,0.384,0.211,0.362
1932_FRA,FRA,1932,1.019,0.571,0.991
1936_FRA,FRA,1936,0.289,0,0.275
1948_FRA,FRA,1948,0.502,0.044,0.443
1952_FRA,FRA,1952,0.329,0.081,0.295
1956_FRA,FRA,1956,0.434,0.04,0.379
1960_FRA,FRA,1960,0.105,0,0.091
1964_FRA,FRA,1964,0.353,0.621,0.401
1968_FRA,FRA,1968,0.193,0.357,0.218
1972_FRA,FRA,1972,0.139,0.081,0.131
1976_FRA,FRA,1976,0.146,0.314,0.17
1980_FRA,FRA,1980,0.561,0.586,0.566
1984_FRA,FRA,1984,0.649,0.169,0.544
1988_FRA,FRA,1988,0.29,0.034,0.222
1992_FRA,FRA,1992,0.269,0.266,0.268
1994_FRA,FRA,1994,0.088,0.2,0.122
1996_FRA,FRA,1996,0.365,0.353,0.361
1998_FRA,FRA,1998,0.213,0.194,0.208
2000_FRA,FRA,2000,0.564,0.152,0.411
2002_FRA,FRA,2002,0.195,0.667,0.307
2004_FRA,FRA,2004,0.456,0.31,0.403
2006_FRA,FRA,2006,0.34,0.281,0.317
2008_FRA,FRA,2008,0.824,0.124,0.55
2010_FRA,FRA,2010,0.194,0.351,0.25
2012_FRA,FRA,2012,0.725,0.408,0.586
2014_FRA,FRA,2014,0.324,0.103,0.243
2016_FRA,FRA,2016,0.644,0.371,0.528
1968_FRG,FRG,1968,0.365,0.444,0.378
1972_FRG,FRG,1972,0.533,0.485,0.524
1976_FRG,FRG,1976,0.564,0.306,0.512
1980_FRG,FRG,1980,0.082,0.263,0.125
1984_FRG,FRG,1984,0.661,0.674,0.665
1988_FRG,FRG,1988,0.686,0.402,0.606
2000_FSM,FSM,2000,0,0,0
2004_FSM,FSM,2004,0,0,0
2008_FSM,FSM,2008,0,0,0
2012_FSM,FSM,2012,0,0,0
2016_FSM,FSM,2016,0,0,0
1972_GAB,GAB,1972,0,0,0
1984_GAB,GAB,1984,0,0,0
1988_GAB,GAB,1988,0,0,0
1992_GAB,GAB,1992,0,0,0
1996_GAB,GAB,1996,0,0,0
2000_GAB,GAB,2000,0,0,0
2004_GAB,GAB,2004,0,0,0
2008_GAB,GAB,2008,0,0,0
2012_GAB,GAB,2012,0.105,0,0.095
2016_GAB,GAB,2016,0,0,0
1984_GAM,GAM,1984,0,0,0
1988_GAM,GAM,1988,0,0,0
1992_GAM,GAM,1992,0,0,0
1996_GAM,GAM,1996,0,0,0
2000_GAM,GAM,2000,0,0,0
2004_GAM,GAM,2004,0,0,0
2008_GAM,GAM,2008,0,0,0
2012_GAM,GAM,2012,0,0,0
2016_GAM,GAM,2016,0,0,0
1896_GBR,GBR,1896,1.3,0,1.3
1900_GBR,GBR,1900,2.146,0,2.125
1904_GBR,GBR,1904,1,0,1
1906_GBR,GBR,1906,1.708,0,1.708
1908_GBR,GBR,1908,1.175,0.821,1.156
1912_GBR,GBR,1912,1.216,2.1,1.248
1920_GBR,GBR,1920,1.188,1.75,1.226
1924_GBR,GBR,1924,0.675,0.871,0.695
1928_GBR,GBR,1928,0.326,0.647,0.367
1932_GBR,GBR,1932,0.611,0.429,0.577
1936_GBR,GBR,1936,0.657,0.255,0.58
1948_GBR,GBR,1948,0.286,0.136,0.26
1952_GBR,GBR,1952,0.154,0.222,0.167
1956_GBR,GBR,1956,0.332,0.513,0.361
1960_GBR,GBR,1960,0.111,0.283,0.144
1964_GBR,GBR,1964,0.251,0.302,0.263
1968_GBR,GBR,1968,0.202,0.167,0.194
1972_GBR,GBR,1972,0.167,0.173,0.168
1976_GBR,GBR,1976,0.333,0,0.243
1980_GBR,GBR,1980,0.357,0.22,0.315
1984_GBR,GBR,1984,0.353,0.231,0.315
1988_GBR,GBR,1988,0.47,0.071,0.328
1992_GBR,GBR,1992,0.168,0.184,0.174
1994_GBR,GBR,1994,0.08,0.143,0.094
1996_GBR,GBR,1996,0.228,0.009,0.143
1998_GBR,GBR,1998,0.148,0,0.118
2000_GBR,GBR,2000,0.602,0.24,0.452
2002_GBR,GBR,2002,0,1.167,0.429
2004_GBR,GBR,2004,0.534,0.379,0.473
2006_GBR,GBR,2006,0,0.125,0.051
2008_GBR,GBR,2008,0.706,0.383,0.556
2010_GBR,GBR,2010,0,0.167,0.077
2012_GBR,GBR,2012,0.59,0.37,0.483
2014_GBR,GBR,2014,0.25,0.429,0.321
2016_GBR,GBR,2016,0.94,0.95,0.944
1996_GBS,GBS,1996,0,0,0
2000_GBS,GBS,2000,0,0,0
2004_GBS,GBS,2004,0,0,0
2008_GBS,GBS,2008,0,0,0
2012_GBS,GBS,2012,0,0,0
2016_GBS,GBS,2016,0,0,0
1968_GDR,GDR,1968,0.372,0.596,0.413
1972_GDR,GDR,1972,0.808,0.924,0.835
1976_GDR,GDR,1976,1.531,1.795,1.638
1980_GDR,GDR,1980,1.659,1.894,1.742
1984_GDR,GDR,1984,0.575,1.25,0.768
1988_GDR,GDR,1988,1.192,1.602,1.347
1994_GEO,GEO,1994,0,0,0
1996_GEO,GEO,1996,0.074,0,0.059
1998_GEO,GEO,1998,0,0,0
2000_GEO,GEO,2000,0.222,0,0.167
2002_GEO,GEO,2002,0,0,0
2004_GEO,GEO,2004,0.462,0,0.375
2006_GEO,GEO,2006,0,0,0
2008_GEO,GEO,2008,0.519,0.125,0.429
2010_GEO,GEO,2010,0,0,0
2012_GEO,GEO,2012,0.464,0,0.382
2014_GEO,GEO,2014,0,0,0
2016_GEO,GEO,2016,0.467,0,0.35
1984_GEQ,GEQ,1984,0,0,0
1988_GEQ,GEQ,1988,0,0,0
1992_GEQ,GEQ,1992,0,0,0
1996_GEQ,GEQ,1996,0,0,0
2000_GEQ,GEQ,2000,0,0,0
2004_GEQ,GEQ,2004,0,0,0
2008_GEQ,GEQ,2008,0,0,0
2012_GEQ,GEQ,2012,0,0,0
2016_GEQ,GEQ,2016,0,0,0
1896_GER,GER,1896,0.632,0,0.632
1900_GER,GER,1900,1.303,0,1.303
1904_GER,GER,1904,0.818,0,0.818
1906_GER,GER,1906,1.388,0,1.388
1908_GER,GER,1908,0.475,3,0.537
1912_GER,GER,1912,0.439,2.8,0.503
1928_GER,GER,1928,0.445,0.475,0.448
1932_GER,GER,1932,0.705,0.333,0.685
1936_GER,GER,1936,1.057,1.431,1.096
1952_GER,GER,1952,0.215,0.455,0.256
1956_GER,GER,1956,0.349,0.553,0.383
1960_GER,GER,1960,0.597,0.534,0.584
1964_GER,GER,1964,0.555,0.447,0.533
1992_GER,GER,1992,0.941,0.894,0.925
1994_GER,GER,1994,0.759,0.848,0.786
1996_GER,GER,1996,0.609,0.455,0.547
1998_GER,GER,1998,0.718,1.149,0.88
2000_GER,GER,2000,0.436,0.547,0.483
2002_GER,GER,2002,0.795,0.754,0.777
2004_GER,GER,2004,0.564,0.885,0.703
2006_GER,GER,2006,0.457,0.902,0.632
2008_GER,GER,2008,0.616,0.432,0.536
2010_GER,GER,2010,0.484,0.929,0.651
2012_GER,GER,2012,0.849,0.363,0.632
2014_GER,GER,2014,0.474,0.28,0.377
2016_GER,GER,2016,0.688,0.84,0.758
1952_GHA,GHA,1952,0,0,0
1960_GHA,GHA,1960,0.154,0,0.154
1964_GHA,GHA,1964,0.033,0,0.03
1968_GHA,GHA,1968,0,0,0
1972_GHA,GHA,1972,0.03,0,0.029
1984_GHA,GHA,1984,0,0,0
1988_GHA,GHA,1988,0,0,0
1992_GHA,GHA,1992,0.625,0,0.588
1996_GHA,GHA,1996,0,0,0
2000_GHA,GHA,2000,0,0,0
2004_GHA,GHA,2004,0,0,0
2008_GHA,GHA,2008,0,0,0
2010_GHA,GHA,2010,0,0,0
2012_GHA,GHA,2012,0,0,0
2016_GHA,GHA,2016,0,0,0
1896_GRE,GRE,1896,0.843,0,0.843
1900_GRE,GRE,1900,0,0,0
1904_GRE,GRE,1904,0.357,0,0.357
1906_GRE,GRE,1906,0.671,1.2,0.679
1908_GRE,GRE,1908,0.15,0,0.15
1912_GRE,GRE,1912,0.227,0,0.227
1920_GRE,GRE,1920,0.213,0,0.213
1924_GRE,GRE,1924,0.105,0,0.103
1928_GRE,GRE,1928,0,0,0
1932_GRE,GRE,1932,0,0,0
1936_GRE,GRE,1936,0,0,0
1948_GRE,GRE,1948,0,0,0
1952_GRE,GRE,1952,0,0,0
1956_GRE,GRE,1956,0.063,0,0.063
1960_GRE,GRE,1960,0.25,0,0.25
1964_GRE,GRE,1964,0,0,0
1968_GRE,GRE,1968,0.021,0,0.021
1972_GRE,GRE,1972,0.066,0,0.063
1976_GRE,GRE,1976,0,0,0
1980_GRE,GRE,1980,0.195,0,0.182
1984_GRE,GRE,1984,0.046,0,0.043
1988_GRE,GRE,1988,0.02,0,0.016
1992_GRE,GRE,1992,0.063,0.267,0.103
1994_GRE,GRE,1994,0,0,0
1996_GRE,GRE,1996,0.253,0.059,0.198
1998_GRE,GRE,1998,0,0,0
2000_GRE,GRE,2000,0.28,0.224,0.257
2002_GRE,GRE,2002,0,0,0
2004_GRE,GRE,2004,0.112,0.232,0.171
2006_GRE,GRE,2006,0,0,0
2008_GRE,GRE,2008,0.073,0.057,0.066
2010_GRE,GRE,2010,0,0,0
2012_GRE,GRE,2012,0.015,0.054,0.029
2014_GRE,GRE,2014,0,0,0
2016_GRE,GRE,2016,0.143,0.25,0.185
1984_GRN,GRN,1984,0,0,0
1988_GRN,GRN,1988,0,0,0
1992_GRN,GRN,1992,0,0,0
1996_GRN,GRN,1996,0,0,0
2000_GRN,GRN,2000,0,0,0
2004_GRN,GRN,2004,0,0,0
2008_GRN,GRN,2008,0,0,0
2012_GRN,GRN,2012,0.8,0,0.5
2016_GRN,GRN,2016,0.4,0,0.333
1932_GUA,GUA,1932,0,0,0
1952_GUA,GUA,1952,0,0,0
1968_GUA,GUA,1968,0,0,0
1972_GUA,GUA,1972,0,0,0
1976_GUA,GUA,1976,0,0,0
1980_GUA,GUA,1980,0,0,0
1984_GUA,GUA,1984,0,0,0
1988_GUA,GUA,1988,0,0,0
1992_GUA,GUA,1992,0,0,0
1996_GUA,GUA,1996,0,0,0
2000_GUA,GUA,2000,0,0,0
2004_GUA,GUA,2004,0,0,0
2008_GUA,GUA,2008,0,0,0
2012_GUA,GUA,2012,0.167,0,0.105
2016_GUA,GUA,2016,0,0,0
1968_GUI,GUI,1968,0,0,0
1980_GUI,GUI,1980,0,0,0
1984_GUI,GUI,1984,0,0,0
1988_GUI,GUI,1988,0,0,0
1992_GUI,GUI,1992,0,0,0
1996_GUI,GUI,1996,0,0,0
2000_GUI,GUI,2000,0,0,0
2004_GUI,GUI,2004,0,0,0
2008_GUI,GUI,2008,0,0,0
2012_GUI,GUI,2012,0,0,0
2016_GUI,GUI,2016,0,0,0
1988_GUM,GUM,1988,0,0,0
1992_GUM,GUM,1992,0,0,0
1996_GUM,GUM,1996,0,0,0
2000_GUM,GUM,2000,0,0,0
2004_GUM,GUM,2004,0,0,0
2008_GUM,GUM,2008,0,0,0
2012_GUM,GUM,2012,0,0,0
2016_GUM,GUM,2016,0,0,0
1948_GUY,GUY,1948,0,0,0
1952_GUY,GUY,1952,0,0,0
1956_GUY,GUY,1956,0,0,0
1960_GUY,GUY,1960,0,0,0
1964_GUY,GUY,1964,0,0,0
1968_GUY,GUY,1968,0,0,0
1972_GUY,GUY,1972,0,0,0
1980_GUY,GUY,1980,0.143,0,0.125
1984_GUY,GUY,1984,0,0,0
1988_GUY,GUY,1988,0,0,0
1992_GUY,GUY,1992,0,0,0
1996_GUY,GUY,1996,0,0,0
2000_GUY,GUY,2000,0,0,0
2004_GUY,GUY,2004,0,0,0
2008_GUY,GUY,2008,0,0,0
2012_GUY,GUY,2012,0,0,0
2016_GUY,GUY,2016,0,0,0
1900_HAI,HAI,1900,1.333,0,1.333
1924_HAI,HAI,1924,0.625,0,0.625
1928_HAI,HAI,1928,1,0,1
1932_HAI,HAI,1932,0,0,0
1960_HAI,HAI,1960,0,0,0
1972_HAI,HAI,1972,0,0,0
1976_HAI,HAI,1976,0,0,0
1984_HAI,HAI,1984,0,0,0
1988_HAI,HAI,1988,0,0,0
1992_HAI,HAI,1992,0,0,0
1996_HAI,HAI,1996,0,0,0
2000_HAI,HAI,2000,0,0,0
2004_HAI,HAI,2004,0,0,0
2008_HAI,HAI,2008,0,0,0
2012_HAI,HAI,2012,0,0,0
2016_HAI,HAI,2016,0,0,0
1952_HKG,HKG,1952,0,0,0
1956_HKG,HKG,1956,0,0,0
1960_HKG,HKG,1960,0,0,0
1964_HKG,HKG,1964,0,0,0
1968_HKG,HKG,1968,0,0,0
1972_HKG,HKG,1972,0,0,0
1976_HKG,HKG,1976,0,0,0
1984_HKG,HKG,1984,0,0,0
1988_HKG,HKG,1988,0,0,0
1992_HKG,HKG,1992,0,0,0
1996_HKG,HKG,1996,0,0.444,0.174
2000_HKG,HKG,2000,0,0,0
2002_HKG,HKG,2002,0,0,0
2004_HKG,HKG,2004,0.286,0,0.125
2006_HKG,HKG,2006,0,0,0
2008_HKG,HKG,2008,0,0,0
2010_HKG,HKG,2010,0,0,0
2012_HKG,HKG,2012,0,0.05,0.024
2014_HKG,HKG,2014,0,0,0
2016_HKG,HKG,2016,0,0,0
1968_HON,HON,1968,0,0,0
1976_HON,HON,1976,0,0,0
1984_HON,HON,1984,0,0,0
1988_HON,HON,1988,0,0,0
1992_HON,HON,1992,0,0,0
1996_HON,HON,1996,0,0,0
2000_HON,HON,2000,0,0,0
2004_HON,HON,2004,0,0,0
2008_HON,HON,2008,0,0,0
2012_HON,HON,2012,0,0,0
2016_HON,HON,2016,0,0,0
1896_HUN,HUN,1896,0.714,0,0.714
1900_HUN,HUN,1900,0.333,0,0.333
1904_HUN,HUN,1904,0.75,0,0.75
1906_HUN,HUN,1906,0.943,0,0.943
1908_HUN,HUN,1908,0.554,0,0.554
1912_HUN,HUN,1912,0.57,0,0.57
1924_HUN,HUN,1924,0.444,0,0.43
1928_HUN,HUN,1928,0.514,0,0.446
1932_HUN,HUN,1932,1.345,0.5,1.29
1936_HUN,HUN,1936,0.435,0.773,0.466
1948_HUN,HUN,1948,0.774,1.077,0.827
1952_HUN,HUN,1952,1.141,1.871,1.254
1956_HUN,HUN,1956,1.239,1.619,1.31
1960_HUN,HUN,1960,0.509,0.429,0.497
1964_HUN,HUN,1964,0.93,0.553,0.862
1968_HUN,HUN,1968,1.161,0.618,1.056
1972_HUN,HUN,1972,0.679,0.391,0.622
1976_HUN,HUN,1976,0.556,0.527,0.547
1980_HUN,HUN,1980,0.464,0.134,0.362
1984_HUN,HUN,1984,0,0,0
1988_HUN,HUN,1988,0.452,0.5,0.461
1992_HUN,HUN,1992,0.314,0.406,0.34
1994_HUN,HUN,1994,0,0,0
1996_HUN,HUN,1996,0.333,0.409,0.357
1998_HUN,HUN,1998,0,0,0
2000_HUN,HUN,2000,0.761,0.652,0.719
2002_HUN,HUN,2002,0,0,0
2004_HUN,HUN,2004,0.756,0.289,0.555
2006_HUN,HUN,2006,0,0,0
2008_HUN,HUN,2008,0.682,0.205,0.45
2010_HUN,HUN,2010,0,0,0
2012_HUN,HUN,2012,0.43,0.373,0.408
2014_HUN,HUN,2014,0,0,0
2016_HUN,HUN,2016,0.148,0.242,0.188
1952_INA,INA,1952,0,0,0
1956_INA,INA,1956,0,0,0
1960_INA,INA,1960,0,0,0
1968_INA,INA,1968,0,0,0
1972_INA,INA,1972,0,0,0
1976_INA,INA,1976,0,0,0
1984_INA,INA,1984,0,0,0
1988_INA,INA,1988,0,1,0.207
1992_INA,INA,1992,0.407,0.267,0.357
1996_INA,INA,1996,0.435,0.176,0.325
2000_INA,INA,2000,0.444,0.3,0.383
2004_INA,INA,2004,0.318,0.125,0.237
2008_INA,INA,2008,0.8,0.333,0.625
2012_INA,INA,2012,0.231,0,0.136
2016_INA,INA,2016,0.353,0.545,0.429
1900_IND,IND,1900,0,0,0
1920_IND,IND,1920,0,0,0
1924_IND,IND,1924,1.474,0,1.4
1928_IND,IND,1928,2.667,0,2.667
1932_IND,IND,1932,3.158,0,3.158
1936_IND,IND,1936,2.815,0,2.815
1948_IND,IND,1948,1.013,0,1.013
1952_IND,IND,1952,0.95,0,0.891
1956_IND,IND,1956,1.172,0,1.153
1960_IND,IND,1960,0.578,0,0.578
1964_IND,IND,1964,1.132,0,1.111
1968_IND,IND,1968,0.615,0,0.615
1972_IND,IND,1972,0.35,0,0.341
1976_IND,IND,1976,0,0,0
1980_IND,IND,1980,1.143,0,0.889
1984_IND,IND,1984,0,0,0
1988_IND,IND,1988,0,0,0
1992_IND,IND,1992,0,0,0
1996_IND,IND,1996,0.025,0,0.02
1998_IND,IND,1998,0,0,0
2000_IND,IND,2000,0,0.048,0.015
2002_IND,IND,2002,0,0,0
2004_IND,IND,2004,0.042,0,0.027
2006_IND,IND,2006,0,0,0
2008_IND,IND,2008,0.194,0,0.113
2010_IND,IND,2010,0,0,0
2012_IND,IND,2012,0.103,0.087,0.099
2014_IND,IND,2014,0,0,0
2016_IND,IND,2016,0,0.059,0.027
1992_IOA,IOA,1992,0.026,0.158,0.069
2000_IOA,IOA,2000,0,0,0
2012_IOA,IOA,2012,0,0,0
2014_IOA,IOA,2014,0,0,0
2016_IOA,IOA,2016,0.625,0,0.556
1900_IRI,IRI,1900,0,0,0
1948_IRI,IRI,1948,0.028,0,0.028
1952_IRI,IRI,1952,0.455,0,0.455
1956_IRI,IRI,1956,0.65,0,0.65
1960_IRI,IRI,1960,0.217,0,0.217
1964_IRI,IRI,1964,0.032,0,0.03
1968_IRI,IRI,1968,0.667,0,0.667
1972_IRI,IRI,1972,0.096,0,0.096
1976_IRI,IRI,1976,0.036,0,0.034
1988_IRI,IRI,1988,0.087,0,0.087
1992_IRI,IRI,1992,0.111,0,0.111
1996_IRI,IRI,1996,0.412,0,0.389
1998_IRI,IRI,1998,0,0,0
2000_IRI,IRI,2000,0.406,0,0.394
2002_IRI,IRI,2002,0,0,0
2004_IRI,IRI,2004,0.389,0,0.378
2006_IRI,IRI,2006,0,0,0
2008_IRI,IRI,2008,0.098,0,0.093
2010_IRI,IRI,2010,0,0,0
2012_IRI,IRI,2012,0.659,0,0.558
2014_IRI,IRI,2014,0,0,0
2016_IRI,IRI,2016,0.315,0.111,0.286
1924_IRL,IRL,1924,0.065,0,0.063
1928_IRL,IRL,1928,0.121,0,0.105
1932_IRL,IRL,1932,0.571,0,0.5
1948_IRL,IRL,1948,0,0.2,0.014
1952_IRL,IRL,1952,0.105,0,0.105
1956_IRL,IRL,1956,0.529,0,0.5
1960_IRL,IRL,1960,0,0,0
1964_IRL,IRL,1964,0.042,0,0.04
1968_IRL,IRL,1968,0,0,0
1972_IRL,IRL,1972,0,0,0
1976_IRL,IRL,1976,0,0,0
1980_IRL,IRL,1980,0.114,0,0.106
1984_IRL,IRL,1984,0.071,0,0.048
1988_IRL,IRL,1988,0,0,0
1992_IRL,IRL,1992,0.115,0,0.098
1996_IRL,IRL,1996,0,0.063,0.013
1998_IRL,IRL,1998,0,0,0
2000_IRL,IRL,2000,0,0.083,0.031
2002_IRL,IRL,2002,0,0,0
2004_IRL,IRL,2004,0,0,0
2006_IRL,IRL,2006,0,0,0
2008_IRL,IRL,2008,0.103,0,0.073
2010_IRL,IRL,2010,0,0,0
2012_IRL,IRL,2012,0.139,0.143,0.141
2014_IRL,IRL,2014,0,0,0
2016_IRL,IRL,2016,0.08,0.077,0.079
1948_IRQ,IRQ,1948,0,0,0
1960_IRQ,IRQ,1960,0.048,0,0.048
1964_IRQ,IRQ,1964,0,0,0
1968_IRQ,IRQ,1968,0,0,0
1980_IRQ,IRQ,1980,0,0,0
1984_IRQ,IRQ,1984,0,0,0
1988_IRQ,IRQ,1988,0,0,0
1992_IRQ,IRQ,1992,0,0,0
1996_IRQ,IRQ,1996,0,0,0
2000_IRQ,IRQ,2000,0,0,0
2004_IRQ,IRQ,2004,0,0,0
2008_IRQ,IRQ,2008,0,0,0
2012_IRQ,IRQ,2012,0,0,0
2016_IRQ,IRQ,2016,0,0,0
1908_ISL,ISL,1908,0,0,0
1912_ISL,ISL,1912,0,0,0
1936_ISL,ISL,1936,0,0,0
1948_ISL,ISL,1948,0,0,0
1952_ISL,ISL,1952,0,0,0
1956_ISL,ISL,1956,0.25,0,0.222
1960_ISL,ISL,1960,0,0,0
1964_ISL,ISL,1964,0,0,0
1968_ISL,ISL,1968,0,0,0
1972_ISL,ISL,1972,0,0,0
1976_ISL,ISL,1976,0,0,0
1980_ISL,ISL,1980,0,0,0
1984_ISL,ISL,1984,0.032,0,0.029
1988_ISL,ISL,1988,0,0,0
1992_ISL,ISL,1992,0,0,0
1994_ISL,ISL,1994,0,0,0
1996_ISL,ISL,1996,0,0,0
1998_ISL,ISL,1998,0,0,0
2000_ISL,ISL,2000,0,0.111,0.056
2002_ISL,ISL,2002,0,0,0
2004_ISL,ISL,2004,0,0,0
2006_ISL,ISL,2006,0,0,0
2008_ISL,ISL,2008,1.4,0,1.037
2010_ISL,ISL,2010,0,0,0
2012_ISL,ISL,2012,0,0,0
2014_ISL,ISL,2014,0,0,0
2016_ISL,ISL,2016,0,0,0
1952_ISR,ISR,1952,0,0,0
1956_ISR,ISR,1956,0,0,0
1960_ISR,ISR,1960,0,0,0
1964_ISR,ISR,1964,0,0,0
1968_ISR,ISR,1968,0,0,0
1972_ISR,ISR,1972,0,0,0
1976_ISR,ISR,1976,0,0,0
1984_ISR,ISR,1984,0,0,0
1988_ISR,ISR,1988,0,0,0
1992_ISR,ISR,1992,0.04,0.4,0.1
1994_ISR,ISR,1994,0,0,0
1996_ISR,ISR,1996,0.056,0,0.04
1998_ISR,ISR,1998,0,0,0
2000_ISR,ISR,2000,0.034,0,0.026
2002_ISR,ISR,2002,0,0,0
2004_ISR,ISR,2004,0.25,0,0.139
2006_ISR,ISR,2006,0,0,0
2008_ISR,ISR,2008,0.043,0,0.023
2010_ISR,ISR,2010,0,0,0
2012_ISR,ISR,2012,0,0,0
2014_ISR,ISR,2014,0,0,0
2016_ISR,ISR,2016,0.045,0.04,0.043
1968_ISV,ISV,1968,0,0,0
1972_ISV,ISV,1972,0,0,0
1976_ISV,ISV,1976,0,0,0
1984_ISV,ISV,1984,0,0,0
1988_ISV,ISV,1988,0.091,0,0.074
1992_ISV,ISV,1992,0,0,0
1994_ISV,ISV,1994,0,0,0
1996_ISV,ISV,1996,0,0,0
1998_ISV,ISV,1998,0,0,0
2000_ISV,ISV,2000,0,0,0
2002_ISV,ISV,2002,0,0,0
2004_ISV,ISV,2004,0,0,0
2008_ISV,ISV,2008,0,0,0
2012_ISV,ISV,2012,0,0,0
2014_ISV,ISV,2014,0,0,0
2016_ISV,ISV,2016,0,0,0
1896_ITA,ITA,1896,0,0,0
1900_ITA,ITA,1900,0.727,0,0.696
1904_ITA,ITA,1904,0,0,0
1906_ITA,ITA,1906,0.987,0,0.987
1908_ITA,ITA,1908,0.303,0,0.303
1912_ITA,ITA,1912,1.273,0,1.273
1920_ITA,ITA,1920,1.179,0,1.172
1924_ITA,ITA,1924,0.562,0,0.552
1928_ITA,ITA,1928,0.84,1.333,0.888
1932_ITA,ITA,1932,1.097,0,1.097
1936_ITA,ITA,1936,0.749,0.19,0.708
1948_ITA,ITA,1948,0.612,0.167,0.572
1952_ITA,ITA,1952,0.453,0.179,0.424
1956_ITA,ITA,1956,0.694,0,0.6
1960_ITA,ITA,1960,0.704,0.171,0.633
1964_ITA,ITA,1964,0.571,0.053,0.528
1968_ITA,ITA,1968,0.356,0.174,0.336
1972_ITA,ITA,1972,0.29,0.233,0.284
1976_ITA,ITA,1976,0.283,0.158,0.265
1980_ITA,ITA,1980,0.516,0.16,0.429
1984_ITA,ITA,1984,0.48,0.213,0.433
1988_ITA,ITA,1988,0.24,0.175,0.228
1992_ITA,ITA,1992,0.371,0.308,0.355
1994_ITA,ITA,1994,0.679,0.423,0.615
1996_ITA,ITA,1996,0.428,0.375,0.412
1998_ITA,ITA,1998,0.291,0.353,0.31
2000_ITA,ITA,2000,0.398,0.27,0.357
2002_ITA,ITA,2002,0.381,0.435,0.404
2004_ITA,ITA,2004,0.607,0.578,0.596
2006_ITA,ITA,2006,0.302,0.137,0.235
2008_ITA,ITA,2008,0.251,0.208,0.234
2010_ITA,ITA,2010,0.116,0.025,0.083
2012_ITA,ITA,2012,0.652,0.22,0.463
2014_ITA,ITA,2014,0.09,0.186,0.127
2016_ITA,ITA,2016,0.476,0.326,0.408
1984_IVB,IVB,1984,0,0,0
1988_IVB,IVB,1988,0,0,0
1992_IVB,IVB,1992,0,0,0
1996_IVB,IVB,1996,0,0,0
2000_IVB,IVB,2000,0,0,0
2004_IVB,IVB,2004,0,0,0
2008_IVB,IVB,2008,0,0,0
2012_IVB,IVB,2012,0,0,0
2014_IVB,IVB,2014,0,0,0
2016_IVB,IVB,2016,0,0,0
1948_JAM,JAM,1948,0.889,0,0.615
1952_JAM,JAM,1952,2.333,0,1.75
1956_JAM,JAM,1956,0,0,0
1964_JAM,JAM,1964,0,0,0
1968_JAM,JAM,1968,0.1,0,0.08
1972_JAM,JAM,1972,0.048,0,0.03
1976_JAM,JAM,1976,0.545,0,0.3
1980_JAM,JAM,1980,0.182,0.143,0.167
1984_JAM,JAM,1984,0.323,0,0.222
1988_JAM,JAM,1988,0.429,0.182,0.359
1992_JAM,JAM,1992,0.074,0.071,0.073
1994_JAM,JAM,1994,0,0,0
1996_JAM,JAM,1996,0.296,0.526,0.391
1998_JAM,JAM,1998,0,0,0
2000_JAM,JAM,2000,0.591,0.692,0.646
2002_JAM,JAM,2002,0,0,0
2004_JAM,JAM,2004,0.091,0.88,0.511
2008_JAM,JAM,2008,0,0.889,0.48
2010_JAM,JAM,2010,0,0,0
2012_JAM,JAM,2012,0.783,0.909,0.844
2014_JAM,JAM,2014,0,0,0
2016_JAM,JAM,2016,1.36,0.839,1.071
1980_JOR,JOR,1980,0,0,0
1984_JOR,JOR,1984,0,0,0
1988_JOR,JOR,1988,0,0,0
1992_JOR,JOR,1992,0,0,0
1996_JOR,JOR,1996,0,0,0
2000_JOR,JOR,2000,0,0,0
2004_JOR,JOR,2004,0,0,0
2008_JOR,JOR,2008,0,0,0
2012_JOR,JOR,2012,0,0,0
2016_JOR,JOR,2016,0.571,0,0.5
1912_JPN,JPN,1912,0,0,0
1920_JPN,JPN,1920,0.133,0,0.133
1924_JPN,JPN,1924,0.053,0,0.053
1928_JPN,JPN,1928,0.422,2,0.457
1932_JPN,JPN,1932,0.439,0.111,0.405
1936_JPN,JPN,1936,0.216,0.2,0.215
1952_JPN,JPN,1952,0.282,0,0.244
1956_JPN,JPN,1956,0.302,0,0.262
1960_JPN,JPN,1960,0.23,0.04,0.207
1964_JPN,JPN,1964,0.241,0.844,0.344
1968_JPN,JPN,1968,0.455,0.529,0.466
1972_JPN,JPN,1972,0.493,0.5,0.494
1976_JPN,JPN,1976,0.256,0.706,0.369
1980_JPN,JPN,1980,0.043,0,0.04
1984_JPN,JPN,1984,0.301,0.22,0.283
1988_JPN,JPN,1988,0.13,0.038,0.106
1992_JPN,JPN,1992,0.302,0.18,0.263
1994_JPN,JPN,1994,0.535,0.063,0.407
1996_JPN,JPN,1996,0.344,0.154,0.252
1998_JPN,JPN,1998,0.272,0.078,0.192
2000_JPN,JPN,2000,0.103,0.6,0.308
2002_JPN,JPN,2002,0.034,0.023,0.029
2004_JPN,JPN,2004,0.626,0.425,0.516
2006_JPN,JPN,2006,0,0.077,0.036
2008_JPN,JPN,2008,0.222,0.521,0.37
2010_JPN,JPN,2010,0.083,0.186,0.132
2012_JPN,JPN,2012,0.368,0.561,0.471
2014_JPN,JPN,2014,0.313,0.049,0.165
2016_JPN,JPN,2016,0.386,0.305,0.346
1994_KAZ,KAZ,1994,0.211,0,0.138
1996_KAZ,KAZ,1996,0.278,0,0.208
1998_KAZ,KAZ,1998,0.022,0.067,0.033
2000_KAZ,KAZ,2000,0.186,0.091,0.154
2002_KAZ,KAZ,2002,0,0,0
2004_KAZ,KAZ,2004,0.211,0,0.132
2006_KAZ,KAZ,2006,0,0,0
2008_KAZ,KAZ,2008,0.283,0.086,0.177
2010_KAZ,KAZ,2010,0,0.125,0.054
2012_KAZ,KAZ,2012,0.233,0.45,0.31
2014_KAZ,KAZ,2014,0.029,0,0.02
2016_KAZ,KAZ,2016,0.4,0.217,0.317
1956_KEN,KEN,1956,0,0,0
1960_KEN,KEN,1960,0,0,0
1964_KEN,KEN,1964,0.027,0,0.027
1968_KEN,KEN,1968,0.778,0,0.718
1972_KEN,KEN,1972,0.545,0,0.526
1984_KEN,KEN,1984,0.107,0,0.098
1988_KEN,KEN,1988,0.371,0,0.351
1992_KEN,KEN,1992,0.45,0,0.367
1996_KEN,KEN,1996,0.31,0.2,0.288
1998_KEN,KEN,1998,0,0,0
2000_KEN,KEN,2000,0.441,0.045,0.286
2002_KEN,KEN,2002,0,0,0
2004_KEN,KEN,2004,0.455,0.167,0.304
2006_KEN,KEN,2006,0,0,0
2008_KEN,KEN,2008,0.786,0.833,0.804
2012_KEN,KEN,2012,0.519,0.35,0.447
2016_KEN,KEN,2016,0.391,0.576,0.468
1994_KGZ,KGZ,1994,0,0,0
1996_KGZ,KGZ,1996,0,0,0
1998_KGZ,KGZ,1998,0,0,0
2000_KGZ,KGZ,2000,0.029,0,0.021
2002_KGZ,KGZ,2002,0,0,0
2004_KGZ,KGZ,2004,0,0,0
2006_KGZ,KGZ,2006,0,0,0
2008_KGZ,KGZ,2008,0.188,0,0.15
2010_KGZ,KGZ,2010,0,0,0
2012_KGZ,KGZ,2012,0,0,0
2014_KGZ,KGZ,2014,0,0,0
2016_KGZ,KGZ,2016,0,0,0
2004_KIR,KIR,2004,0,0,0
2008_KIR,KIR,2008,0,0,0
2012_KIR,KIR,2012,0,0,0
2016_KIR,KIR,2016,0,0,0
1948_KOR,KOR,1948,0.042,0,0.041
1952_KOR,KOR,1952,0.111,0,0.105
1956_KOR,KOR,1956,0.077,0,0.077
1960_KOR,KOR,1960,0,0,0
1964_KOR,KOR,1964,0.038,0,0.031
1968_KOR,KOR,1968,0.065,0,0.048
1972_KOR,KOR,1972,0.061,0,0.043
1976_KOR,KOR,1976,0.231,0.857,0.396
1980_KOR,KOR,1980,0,0,0
1984_KOR,KOR,1984,0.268,0.841,0.458
1988_KOR,KOR,1988,0.317,0.728,0.449
1992_KOR,KOR,1992,0.335,1.092,0.566
1994_KOR,KOR,1994,0.909,1.3,1.095
1996_KOR,KOR,1996,0.211,0.858,0.452
1998_KOR,KOR,1998,0.462,1.273,0.703
2000_KOR,KOR,2000,0.577,0.245,0.452
2002_KOR,KOR,2002,0,1.6,0.522
2004_KOR,KOR,2004,0.393,0.479,0.432
2006_KOR,KOR,2006,0.692,1.286,0.9
2008_KOR,KOR,2008,0.975,0.538,0.8
2010_KOR,KOR,2010,0.667,0.556,0.622
2012_KOR,KOR,2012,0.563,0.278,0.432
2014_KOR,KOR,2014,0.146,0.867,0.451
2016_KOR,KOR,2016,0.252,0.25,0.251
2016_KOS,KOS,2016,0,0.8,0.5
1972_KSA,KSA,1972,0,0,0
1976_KSA,KSA,1976,0,0,0
1984_KSA,KSA,1984,0,0,0
1988_KSA,KSA,1988,0,0,0
1992_KSA,KSA,1992,0,0,0
1996_KSA,KSA,1996,0,0,0
2000_KSA,KSA,2000,0.167,0,0.167
2004_KSA,KSA,2004,0,0,0
2008_KSA,KSA,2008,0,0,0
2012_KSA,KSA,2012,0.25,0,0.222
2016_KSA,KSA,2016,0,0,0
1968_KUW,KUW,1968,0,0,0
1972_KUW,KUW,1972,0,0,0
1976_KUW,KUW,1976,0,0,0
1980_KUW,KUW,1980,0,0,0
1984_KUW,KUW,1984,0,0,0
1988_KUW,KUW,1988,0,0,0
1992_KUW,KUW,1992,0,0,0
1996_KUW,KUW,1996,0,0,0
2000_KUW,KUW,2000,0.034,0,0.034
2004_KUW,KUW,2004,0,0,0
2008_KUW,KUW,2008,0,0,0
2012_KUW,KUW,2012,0.125,0,0.1
1980_LAO,LAO,1980,0,0,0
1988_LAO,LAO,1988,0,0,0
1992_LAO,LAO,1992,0,0,0
1996_LAO,LAO,1996,0,0,0
2000_LAO,LAO,2000,0,0,0
2004_LAO,LAO,2004,0,0,0
2008_LAO,LAO,2008,0,0,0
2012_LAO,LAO,2012,0,0,0
2016_LAO,LAO,2016,0,0,0
1924_LAT,LAT,1924,0,0,0
1928_LAT,LAT,1928,0,0,0
1932_LAT,LAT,1932,0.4,0,0.4
1936_LAT,LAT,1936,0.058,0,0.055
1992_LAT,LAT,1992,0.114,0,0.088
1994_LAT,LAT,1994,0,0,0
1996_LAT,LAT,1996,0.059,0,0.043
1998_LAT,LAT,1998,0,0,0
2000_LAT,LAT,2000,0.233,0,0.156
2002_LAT,LAT,2002,0,0,0
2004_LAT,LAT,2004,0.273,0.2,0.25
2006_LAT,LAT,2006,0.02,0,0.018
2008_LAT,LAT,2008,0.241,0,0.149
2010_LAT,LAT,2010,0.136,0,0.113
2012_LAT,LAT,2012,0.194,0,0.133
2014_LAT,LAT,2014,0.224,0.143,0.214
2016_LAT,LAT,2016,0,0,0
1968_LBA,LBA,1968,0,0,0
1980_LBA,LBA,1980,0,0,0
1988_LBA,LBA,1988,0,0,0
1992_LBA,LBA,1992,0,0,0
1996_LBA,LBA,1996,0,0,0
2000_LBA,LBA,2000,0,0,0
2004_LBA,LBA,2004,0,0,0
2008_LBA,LBA,2008,0,0,0
2012_LBA,LBA,2012,0,0,0
2016_LBA,LBA,2016,0,0,0
1956_LBR,LBR,1956,0,0,0
1960_LBR,LBR,1960,0,0,0
1964_LBR,LBR,1964,0,0,0
1972_LBR,LBR,1972,0,0,0
1984_LBR,LBR,1984,0,0,0
1988_LBR,LBR,1988,0,0,0
1996_LBR,LBR,1996,0,0,0
2000_LBR,LBR,2000,0,0,0
2004_LBR,LBR,2004,0,0,0
2008_LBR,LBR,2008,0,0,0
2012_LBR,LBR,2012,0,0,0
2016_LBR,LBR,2016,0,0,0
1996_LCA,LCA,1996,0,0,0
2000_LCA,LCA,2000,0,0,0
2004_LCA,LCA,2004,0,0,0
2008_LCA,LCA,2008,0,0,0
2012_LCA,LCA,2012,0,0,0
2016_LCA,LCA,2016,0,0,0
1972_LES,LES,1972,0,0,0
1980_LES,LES,1980,0,0,0
1984_LES,LES,1984,0,0,0
1988_LES,LES,1988,0,0,0
1992_LES,LES,1992,0,0,0
1996_LES,LES,1996,0,0,0
2000_LES,LES,2000,0,0,0
2004_LES,LES,2004,0,0,0
2008_LES,LES,2008,0,0,0
2012_LES,LES,2012,0,0,0
2016_LES,LES,2016,0,0,0
1948_LIB,LIB,1948,0,0,0
1952_LIB,LIB,1952,0.3,0,0.3
1956_LIB,LIB,1956,0,0,0
1960_LIB,LIB,1960,0,0,0
1964_LIB,LIB,1964,0,0,0
1968_LIB,LIB,1968,0,0,0
1972_LIB,LIB,1972,0.111,0,0.1
1976_LIB,LIB,1976,0,0,0
1980_LIB,LIB,1980,0.059,0,0.056
1984_LIB,LIB,1984,0,0,0
1988_LIB,LIB,1988,0,0,0
1992_LIB,LIB,1992,0,0,0
1996_LIB,LIB,1996,0,0,0
2000_LIB,LIB,2000,0,0,0
2002_LIB,LIB,2002,0,0,0
2004_LIB,LIB,2004,0,0,0
2006_LIB,LIB,2006,0,0,0
2008_LIB,LIB,2008,0,0,0
2010_LIB,LIB,2010,0,0,0
2012_LIB,LIB,2012,0,0,0
2014_LIB,LIB,2014,0,0,0
2016_LIB,LIB,2016,0,0,0
1936_LIE,LIE,1936,0,0,0
1948_LIE,LIE,1948,0,0,0
1952_LIE,LIE,1952,0,0,0
1956_LIE,LIE,1956,0,0,0
1960_LIE,LIE,1960,0,0,0
1964_LIE,LIE,1964,0,0,0
1968_LIE,LIE,1968,0,0,0
1972_LIE,LIE,1972,0,0,0
1976_LIE,LIE,1976,0.1,0.2,0.133
1980_LIE,LIE,1980,0.5,0.667,0.571
1984_LIE,LIE,1984,0.083,0.2,0.118
1988_LIE,LIE,1988,0.05,0,0.04
1992_LIE,LIE,1992,0,0,0
1994_LIE,LIE,1994,0,0,0
1996_LIE,LIE,1996,0,0,0
1998_LIE,LIE,1998,0,0,0
2000_LIE,LIE,2000,0,0,0
2002_LIE,LIE,2002,0,0,0
2004_LIE,LIE,2004,0,0,0
2006_LIE,LIE,2006,0,0,0
2008_LIE,LIE,2008,0,0,0
2010_LIE,LIE,2010,0,0,0
2012_LIE,LIE,2012,0,0,0
2014_LIE,LIE,2014,0,0,0
2016_LIE,LIE,2016,0,0,0
1924_LTU,LTU,1924,0,0,0
1928_LTU,LTU,1928,0,0,0
1992_LTU,LTU,1992,0.41,0,0.302
1994_LTU,LTU,1994,0,0,0
1996_LTU,LTU,1996,0.244,0,0.18
1998_LTU,LTU,1998,0,0,0
2000_LTU,LTU,2000,0.4,0.333,0.377
2002_LTU,LTU,2002,0,0,0
2004_LTU,LTU,2004,0.128,0.167,0.136
2006_LTU,LTU,2006,0,0,0
2008_LTU,LTU,2008,0.114,0.074,0.099
2010_LTU,LTU,2010,0,0,0
2012_LTU,LTU,2012,0.103,0.348,0.194
2014_LTU,LTU,2014,0,0,0
2016_LTU,LTU,2016,0.146,0.105,0.134
1900_LUX,LUX,1900,4,0,4
1912_LUX,LUX,1912,0,0,0
1920_LUX,LUX,1920,0.08,0,0.08
1924_LUX,LUX,1924,0.13,0,0.125
1928_LUX,LUX,1928,0.078,0,0.075
1932_LUX,LUX,1932,0,0,0
1936_LUX,LUX,1936,0,0,0
1948_LUX,LUX,1948,0,0,0
1952_LUX,LUX,1952,0.091,0,0.091
1956_LUX,LUX,1956,0,0,0
1960_LUX,LUX,1960,0,0,0
1964_LUX,LUX,1964,0,0,0
1968_LUX,LUX,1968,0,0,0
1972_LUX,LUX,1972,0,0,0
1976_LUX,LUX,1976,0,0,0
1980_LUX,LUX,1980,0,0,0
1984_LUX,LUX,1984,0,0,0
1988_LUX,LUX,1988,0,0,0
1992_LUX,LUX,1992,0,0,0
1994_LUX,LUX,1994,0,0,0
1996_LUX,LUX,1996,0,0,0
1998_LUX,LUX,1998,0,0,0
2000_LUX,LUX,2000,0,0,0
2004_LUX,LUX,2004,0,0,0
2006_LUX,LUX,2006,0,0,0
2008_LUX,LUX,2008,0,0,0
2012_LUX,LUX,2012,0,0,0
2014_LUX,LUX,2014,0,0,0
2016_LUX,LUX,2016,0,0,0
1964_MAD,MAD,1964,0,0,0
1968_MAD,MAD,1968,0,0,0
1972_MAD,MAD,1972,0,0,0
1980_MAD,MAD,1980,0,0,0
1984_MAD,MAD,1984,0,0,0
1992_MAD,MAD,1992,0,0,0
1996_MAD,MAD,1996,0,0,0
2000_MAD,MAD,2000,0,0,0
2004_MAD,MAD,2004,0,0,0
2006_MAD,MAD,2006,0,0,0
2008_MAD,MAD,2008,0,0,0
2012_MAD,MAD,2012,0,0,0
2016_MAD,MAD,2016,0,0,0
1956_MAL,MAL,1956,0,0,0
1960_MAL,MAL,1960,0,0,0
1960_MAR,MAR,1960,0.043,0,0.043
1964_MAR,MAR,1964,0,0,0
1968_MAR,MAR,1968,0,0,0
1972_MAR,MAR,1972,0,0,0
1976_MAR,MAR,1976,0,0,0
1984_MAR,MAR,1984,0.108,4,0.211
1988_MAR,MAR,1988,0.222,0,0.2
1992_MAR,MAR,1992,0.132,0,0.125
1996_MAR,MAR,1996,0.063,0,0.059
2000_MAR,MAR,2000,0.109,0.111,0.109
2004_MAR,MAR,2004,0,0.25,0.036
2008_MAR,MAR,2008,0.056,0.091,0.064
2010_MAR,MAR,2010,0,0,0
2012_MAR,MAR,2012,0.022,0,0.016
2014_MAR,MAR,2014,0,0,0
2016_MAR,MAR,2016,0.034,0,0.021
1964_MAS,MAS,1964,0,0,0
1968_MAS,MAS,1968,0,0,0
1972_MAS,MAS,1972,0,0,0
1976_MAS,MAS,1976,0,0,0
1984_MAS,MAS,1984,0,0,0
1988_MAS,MAS,1988,0,0,0
1992_MAS,MAS,1992,0.077,0,0.077
1996_MAS,MAS,1996,0.156,0,0.143
2000_MAS,MAS,2000,0,0,0
2004_MAS,MAS,2004,0,0,0
2008_MAS,MAS,2008,0.111,0,0.063
2012_MAS,MAS,2012,0.125,0.077,0.103
2016_MAS,MAS,2016,0.529,0.4,0.469
1972_MAW,MAW,1972,0,0,0
1984_MAW,MAW,1984,0,0,0
1988_MAW,MAW,1988,0,0,0
1992_MAW,MAW,1992,0,0,0
1996_MAW,MAW,1996,0,0,0
2000_MAW,MAW,2000,0,0,0
2004_MAW,MAW,2004,0,0,0
2008_MAW,MAW,2008,0,0,0
2012_MAW,MAW,2012,0,0,0
2016_MAW,MAW,2016,0,0,0
1994_MDA,MDA,1994,0,0,0
1996_MDA,MDA,1996,0.143,0,0.125
1998_MDA,MDA,1998,0,0,0
2000_MDA,MDA,2000,0.103,0,0.088
2002_MDA,MDA,2002,0,0,0
2004_MDA,MDA,2004,0,0,0
2006_MDA,MDA,2006,0,0,0
2008_MDA,MDA,2008,0.048,0,0.034
2010_MDA,MDA,2010,0,0,0
2012_MDA,MDA,2012,0.083,0.125,0.1
2014_MDA,MDA,2014,0,0,0
2016_MDA,MDA,2016,0,0,0
1988_MDV,MDV,1988,0,0,0
1992_MDV,MDV,1992,0,0,0
1996_MDV,MDV,1996,0,0,0
2000_MDV,MDV,2000,0,0,0
2004_MDV,MDV,2004,0,0,0
2008_MDV,MDV,2008,0,0,0
2012_MDV,MDV,2012,0,0,0
2016_MDV,MDV,2016,0,0,0
1900_MEX,MEX,1900,1,0,1
1924_MEX,MEX,1924,0,0,0
1928_MEX,MEX,1928,0,0,0
1932_MEX,MEX,1932,0.056,0,0.055
1936_MEX,MEX,1936,0.5,0,0.5
1948_MEX,MEX,1948,0.173,0,0.159
1952_MEX,MEX,1952,0.033,0,0.031
1956_MEX,MEX,1956,0.238,0,0.208
1960_MEX,MEX,1960,0.016,0,0.014
1964_MEX,MEX,1964,0.011,0,0.011
1968_MEX,MEX,1968,0.077,0.071,0.076
1972_MEX,MEX,1972,0.013,0,0.011
1976_MEX,MEX,1976,0.054,0,0.052
1980_MEX,MEX,1980,0.25,0,0.2
1984_MEX,MEX,1984,0.192,0,0.15
1988_MEX,MEX,1988,0.026,0,0.021
1992_MEX,MEX,1992,0.022,0,0.016
1994_MEX,MEX,1994,0,0,0
1996_MEX,MEX,1996,0.014,0,0.01
2000_MEX,MEX,2000,0.135,0.154,0.141
2002_MEX,MEX,2002,0,0,0
2004_MEX,MEX,2004,0.034,0.1,0.064
2008_MEX,MEX,2008,0.093,0.15,0.12
2010_MEX,MEX,2010,0,0,0
2012_MEX,MEX,2012,1.097,0.243,0.778
2014_MEX,MEX,2014,0,0,0
2016_MEX,MEX,2016,0.051,0.091,0.065
1964_MGL,MGL,1964,0,0,0
1968_MGL,MGL,1968,0.263,0,0.217
1972_MGL,MGL,1972,0.049,0,0.047
1976_MGL,MGL,1976,0.067,0,0.063
1980_MGL,MGL,1980,0.143,0,0.13
1984_MGL,MGL,1984,0,0,0
1988_MGL,MGL,1988,0.038,0,0.032
1992_MGL,MGL,1992,0.032,0.167,0.054
1994_MGL,MGL,1994,0,0,0
1996_MGL,MGL,1996,0.083,0,0.063
1998_MGL,MGL,1998,0,0,0
2000_MGL,MGL,2000,0,0,0
2002_MGL,MGL,2002,0,0,0
2004_MGL,MGL,2004,0.077,0,0.05
2006_MGL,MGL,2006,0,0,0
2008_MGL,MGL,2008,0.714,0.143,0.429
2010_MGL,MGL,2010,0,0,0
2012_MGL,MGL,2012,0.375,0.077,0.241
2014_MGL,MGL,2014,0,0,0
2016_MGL,MGL,2016,0.038,0.118,0.07
2008_MHL,MHL,2008,0,0,0
2012_MHL,MHL,2012,0,0,0
2016_MHL,MHL,2016,0,0,0
1996_MKD,MKD,1996,0,0,0
1998_MKD,MKD,1998,0,0,0
2000_MKD,MKD,2000,0.167,0,0.1
2002_MKD,MKD,2002,0,0,0
2004_MKD,MKD,2004,0,0,0
2006_MKD,MKD,2006,0,0,0
2008_MKD,MKD,2008,0,0,0
2010_MKD,MKD,2010,0,0,0
2012_MKD,MKD,2012,0,0,0
2014_MKD,MKD,2014,0,0,0
2016_MKD,MKD,2016,0,0,0
1964_MLI,MLI,1964,0,0,0
1968_MLI,MLI,1968,0,0,0
1972_MLI,MLI,1972,0,0,0
1980_MLI,MLI,1980,0,0,0
1984_MLI,MLI,1984,0,0,0
1988_MLI,MLI,1988,0,0,0
1992_MLI,MLI,1992,0,0,0
1996_MLI,MLI,1996,0,0,0
2000_MLI,MLI,2000,0,0,0
2004_MLI,MLI,2004,0,0,0
2008_MLI,MLI,2008,0,0,0
2012_MLI,MLI,2012,0,0,0
2016_MLI,MLI,2016,0,0,0
1928_MLT,MLT,1928,0,0,0
1936_MLT,MLT,1936,0,0,0
1948_MLT,MLT,1948,0,0,0
1960_MLT,MLT,1960,0,0,0
1968_MLT,MLT,1968,0,0,0
1972_MLT,MLT,1972,0,0,0
1980_MLT,MLT,1980,0,0,0
1984_MLT,MLT,1984,0,0,0
1988_MLT,MLT,1988,0,0,0
1992_MLT,MLT,1992,0,0,0
1996_MLT,MLT,1996,0,0,0
2000_MLT,MLT,2000,0,0,0
2004_MLT,MLT,2004,0,0,0
2008_MLT,MLT,2008,0,0,0
2012_MLT,MLT,2012,0,0,0
2014_MLT,MLT,2014,0,0,0
2016_MLT,MLT,2016,0,0,0
2008_MNE,MNE,2008,0,0,0
2010_MNE,MNE,2010,0,0,0
2012_MNE,MNE,2012,0,1.867,0.848
2014_MNE,MNE,2014,0,0,0
2016_MNE,MNE,2016,0,0,0
1920_MON,MON,1920,0,0,0
1924_MON,MON,1924,0.143,0,0.143
1928_MON,MON,1928,0,0,0
1932_MON,MON,1932,0,0,0
1936_MON,MON,1936,0,0,0
1948_MON,MON,1948,0,0,0
1952_MON,MON,1952,0,0,0
1960_MON,MON,1960,0,0,0
1964_MON,MON,1964,0,0,0
1968_MON,MON,1968,0,0,0
1972_MON,MON,1972,0,0,0
1976_MON,MON,1976,0,0,0
1984_MON,MON,1984,0,0,0
1988_MON,MON,1988,0,0,0
1992_MON,MON,1992,0,0,0
1994_MON,MON,1994,0,0,0
1996_MON,MON,1996,0,0,0
1998_MON,MON,1998,0,0,0
2000_MON,MON,2000,0,0,0
2002_MON,MON,2002,0,0,0
2004_MON,MON,2004,0,0,0
2006_MON,MON,2006,0,0,0
2008_MON,MON,2008,0,0,0
2010_MON,MON,2010,0,0,0
2012_MON,MON,2012,0,0,0
2014_MON,MON,2014,0,0,0
2016_MON,MON,2016,0,0,0
1980_MOZ,MOZ,1980,0,0,0
1984_MOZ,MOZ,1984,0,0,0
1988_MOZ,MOZ,1988,0,0,0
1992_MOZ,MOZ,1992,0,0,0
1996_MOZ,MOZ,1996,0,1,0.333
2000_MOZ,MOZ,2000,0,2,1
2004_MOZ,MOZ,2004,0,0,0
2008_MOZ,MOZ,2008,0,0,0
2012_MOZ,MOZ,2012,0,0,0
2016_MOZ,MOZ,2016,0,0,0
1984_MRI,MRI,1984,0,0,0
1988_MRI,MRI,1988,0,0,0
1992_MRI,MRI,1992,0,0,0
1996_MRI,MRI,1996,0,0,0
2000_MRI,MRI,2000,0,0,0
2004_MRI,MRI,2004,0,0,0
2008_MRI,MRI,2008,0.167,0,0.091
2012_MRI,MRI,2012,0,0,0
2016_MRI,MRI,2016,0,0,0
1984_MTN,MTN,1984,0,0,0
1988_MTN,MTN,1988,0,0,0
1992_MTN,MTN,1992,0,0,0
1996_MTN,MTN,1996,0,0,0
2000_MTN,MTN,2000,0,0,0
2004_MTN,MTN,2004,0,0,0
2008_MTN,MTN,2008,0,0,0
2012_MTN,MTN,2012,0,0,0
2016_MTN,MTN,2016,0,0,0
1948_MYA,MYA,1948,0,0,0
1952_MYA,MYA,1952,0,0,0
1956_MYA,MYA,1956,0,0,0
1960_MYA,MYA,1960,0,0,0
1964_MYA,MYA,1964,0,0,0
1968_MYA,MYA,1968,0,0,0
1972_MYA,MYA,1972,0,0,0
1980_MYA,MYA,1980,0,0,0
1984_MYA,MYA,1984,0,0,0
1988_MYA,MYA,1988,0,0,0
1992_MYA,MYA,1992,0,0,0
1996_MYA,MYA,1996,0,0,0
2000_MYA,MYA,2000,0,0,0
2004_MYA,MYA,2004,0,0,0
2008_MYA,MYA,2008,0,0,0
2012_MYA,MYA,2012,0,0,0
2016_MYA,MYA,2016,0,0,0
1992_NAM,NAM,1992,0,0,0
1996_NAM,NAM,1996,0,0,0
2000_NAM,NAM,2000,0,0,0
2004_NAM,NAM,2004,0,0,0
2008_NAM,NAM,2008,0,0,0
2012_NAM,NAM,2012,0,0,0
2016_NAM,NAM,2016,0,0,0
1956_NBO,NBO,1956,0,0,0
1968_NCA,NCA,1968,0,0,0
1972_NCA,NCA,1972,0,0,0
1976_NCA,NCA,1976,0,0,0
1980_NCA,NCA,1980,0,0,0
1984_NCA,NCA,1984,0,0,0
1992_NCA,NCA,1992,0,0,0
1996_NCA,NCA,1996,0,0,0
2000_NCA,NCA,2000,0,0,0
2004_NCA,NCA,2004,0,0,0
2008_NCA,NCA,2008,0,0,0
2012_NCA,NCA,2012,0,0,0
2016_NCA,NCA,2016,0,0,0
1900_NED,NED,1900,1.257,0,1.257
1906_NED,NED,1906,0.438,0,0.438
1908_NED,NED,1908,0.142,0,0.142
1912_NED,NED,1912,0.545,0,0.545
1920_NED,NED,1920,0.783,0,0.777
1924_NED,NED,1924,0.256,0.111,0.249
1928_NED,NED,1928,0.362,1.159,0.491
1932_NED,NED,1932,0.613,0.4,0.543
1936_NED,NED,1936,0.258,0.818,0.329
1948_NED,NED,1948,0.227,0.618,0.314
1952_NED,NED,1952,0.276,0.357,0.296
1956_NED,NED,1956,0,0,0
1960_NED,NED,1960,0.024,0.156,0.06
1964_NED,NED,1964,0.385,0.727,0.443
1968_NED,NED,1968,0.5,0.5,0.5
1972_NED,NED,1972,0.084,0.286,0.138
1976_NED,NED,1976,0.267,0.05,0.191
1980_NED,NED,1980,0.073,0.455,0.154
1984_NED,NED,1984,0.055,1.741,0.711
1988_NED,NED,1988,0.343,0.542,0.418
1992_NED,NED,1992,0.46,0.17,0.336
1994_NED,NED,1994,0.385,0,0.238
1996_NED,NED,1996,1.175,0.284,0.795
1998_NED,NED,1998,1.2,0,0.545
2000_NED,NED,2000,0.605,0.69,0.636
2002_NED,NED,2002,0.714,0.308,0.519
2004_NED,NED,2004,0.5,0.882,0.638
2006_NED,NED,2006,0.563,0.647,0.606
2008_NED,NED,2008,0.058,1.918,0.827
2010_NED,NED,2010,0.867,0.647,0.75
2012_NED,NED,2012,0.543,1.241,0.861
2014_NED,NED,2014,1.65,0.526,1.103
2016_NED,NED,2016,0.238,0.561,0.418
1924_NEP,NEP,1924,4,0,4
1964_NEP,NEP,1964,0,0,0
1972_NEP,NEP,1972,0,0,0
1976_NEP,NEP,1976,0,0,0
1980_NEP,NEP,1980,0,0,0
1984_NEP,NEP,1984,0,0,0
1988_NEP,NEP,1988,0,0,0
1992_NEP,NEP,1992,0,0,0
1996_NEP,NEP,1996,0,0,0
2000_NEP,NEP,2000,0,0,0
2002_NEP,NEP,2002,0,0,0
2004_NEP,NEP,2004,0,0,0
2006_NEP,NEP,2006,0,0,0
2008_NEP,NEP,2008,0,0,0
2010_NEP,NEP,2010,0,0,0
2012_NEP,NEP,2012,0,0,0
2014_NEP,NEP,2014,0,0,0
2016_NEP,NEP,2016,0,0,0
1904_NFL,NFL,1904,0,0,0
1952_NGR,NGR,1952,0,0,0
1956_NGR,NGR,1956,0,0,0
1960_NGR,NGR,1960,0,0,0
1964_NGR,NGR,1964,0.063,0,0.056
1968_NGR,NGR,1968,0,0,0
1972_NGR,NGR,1972,0.05,0,0.04
1980_NGR,NGR,1980,0,0,0
1984_NGR,NGR,1984,0.2,0,0.188
1988_NGR,NGR,1988,0,0,0
1992_NGR,NGR,1992,0.438,0.174,0.327
1996_NGR,NGR,1996,1.327,0.875,1.215
2000_NGR,NGR,2000,0.545,0.103,0.337
2004_NGR,NGR,2004,0.333,0,0.114
2008_NGR,NGR,2008,0.892,0.162,0.527
2012_NGR,NGR,2012,0,0,0
2016_NGR,NGR,2016,0.383,0,0.254
1964_NIG,NIG,1964,0,0,0
1968_NIG,NIG,1968,0,0,0
1972_NIG,NIG,1972,0.25,0,0.25
1984_NIG,NIG,1984,0,0,0
1988_NIG,NIG,1988,0,0,0
1992_NIG,NIG,1992,0,0,0
1996_NIG,NIG,1996,0,0,0
2000_NIG,NIG,2000,0,0,0
2004_NIG,NIG,2004,0,0,0
2008_NIG,NIG,2008,0,0,0
2012_NIG,NIG,2012,0,0,0
2016_NIG,NIG,2016,0.5,0,0.333
1900_NOR,NOR,1900,1.286,0,1.286
1904_NOR,NOR,1904,2.667,0,2.667
1906_NOR,NOR,1906,2.813,0,2.813
1908_NOR,NOR,1908,1.261,0,1.261
1912_NOR,NOR,1912,1.09,0.5,1.084
1920_NOR,NOR,1920,1.567,0.333,1.528
1924_NOR,NOR,1924,0.986,0,0.947
1928_NOR,NOR,1928,0.685,1.333,0.711
1932_NOR,NOR,1932,0.792,2,0.885
1936_NOR,NOR,1936,0.707,0.625,0.7
1948_NOR,NOR,1948,0.484,0,0.454
1952_NOR,NOR,1952,0.436,0.118,0.405
1956_NOR,NOR,1956,0.304,0,0.254
1960_NOR,NOR,1960,0.5,0,0.464
1964_NOR,NOR,1964,0.32,0,0.286
1968_NOR,NOR,1968,0.576,0.789,0.613
1972_NOR,NOR,1972,0.217,0.136,0.207
1976_NOR,NOR,1976,0.426,0.077,0.383
1980_NOR,NOR,1980,0.167,0.889,0.27
1984_NOR,NOR,1984,0.157,0.815,0.267
1988_NOR,NOR,1988,0.299,1.029,0.492
1992_NOR,NOR,1992,0.514,0.804,0.605
1994_NOR,NOR,1994,0.545,0.714,0.586
1996_NOR,NOR,1996,0.357,0.309,0.33
1998_NOR,NOR,1998,1.188,0.63,0.987
2000_NOR,NOR,2000,0.182,1.857,1.065
2002_NOR,NOR,2002,1.06,0.889,1
2004_NOR,NOR,2004,0.4,0.471,0.423
2006_NOR,NOR,2006,0.522,0.286,0.448
2008_NOR,NOR,2008,0.467,1.13,0.893
2010_NOR,NOR,2010,0.743,0.84,0.768
2012_NOR,NOR,2012,0.212,2,1.033
2014_NOR,NOR,2014,0.372,0.875,0.518
2016_NOR,NOR,2016,0.172,0.424,0.306
1996_NRU,NRU,1996,0,0,0
2000_NRU,NRU,2000,0,0,0
2004_NRU,NRU,2004,0,0,0
2008_NRU,NRU,2008,0,0,0
2012_NRU,NRU,2012,0,0,0
2016_NRU,NRU,2016,0,0,0
1900_NZL,NZL,1900,4,0,4
1920_NZL,NZL,1920,0.333,0,0.25
1924_NZL,NZL,1924,0.333,0,0.25
1928_NZL,NZL,1928,0.667,0,0.444
1932_NZL,NZL,1932,0.2,0,0.19
1936_NZL,NZL,1936,0.571,0,0.571
1948_NZL,NZL,1948,0,0,0
1952_NZL,NZL,1952,0.071,1.667,0.353
1956_NZL,NZL,1956,0.279,0,0.235
1960_NZL,NZL,1960,0.257,0,0.22
1964_NZL,NZL,1964,0.161,0.125,0.156
1968_NZL,NZL,1968,0.431,0,0.379
1972_NZL,NZL,1972,0.536,0,0.495
1976_NZL,NZL,1976,0.959,0,0.835
1980_NZL,NZL,1980,0,0,0
1984_NZL,NZL,1984,0.431,0,0.324
1988_NZL,NZL,1988,0.486,0.235,0.44
1992_NZL,NZL,1992,0.167,0.302,0.209
1994_NZL,NZL,1994,0,0,0
1996_NZL,NZL,1996,0.106,0.172,0.126
1998_NZL,NZL,1998,0,0,0
2000_NZL,NZL,2000,0.078,0.014,0.048
2002_NZL,NZL,2002,0,0,0
2004_NZL,NZL,2004,0.099,0.179,0.135
2006_NZL,NZL,2006,0,0,0
2008_NZL,NZL,2008,0.177,0.146,0.163
2010_NZL,NZL,2010,0,0,0
2012_NZL,NZL,2012,0.365,0.268,0.32
2014_NZL,NZL,2014,0,0,0
2016_NZL,NZL,2016,0.296,0.515,0.405
1984_OMA,OMA,1984,0,0,0
1988_OMA,OMA,1988,0,0,0
1992_OMA,OMA,1992,0,0,0
1996_OMA,OMA,1996,0,0,0
2000_OMA,OMA,2000,0,0,0
2004_OMA,OMA,2004,0,0,0
2008_OMA,OMA,2008,0,0,0
2012_OMA,OMA,2012,0,0,0
2016_OMA,OMA,2016,0,0,0
1948_PAK,PAK,1948,0,0,0
1952_PAK,PAK,1952,0,0,0
1956_PAK,PAK,1956,0.509,0,0.509
1960_PAK,PAK,1960,1.205,0,1.205
1964_PAK,PAK,1964,0.78,0,0.78
1968_PAK,PAK,1968,3.467,0,3.467
1972_PAK,PAK,1972,1.2,0,1.2
1976_PAK,PAK,1976,0.667,0,0.667
1984_PAK,PAK,1984,2.065,0,2.065
1988_PAK,PAK,1988,0.033,0,0.033
1992_PAK,PAK,1992,0.593,0,0.593
1996_PAK,PAK,1996,0,0,0
2000_PAK,PAK,2000,0,0,0
2004_PAK,PAK,2004,0,0,0
2008_PAK,PAK,2008,0,0,0
2010_PAK,PAK,2010,0,0,0
2012_PAK,PAK,2012,0,0,0
2014_PAK,PAK,2014,0,0,0
2016_PAK,PAK,2016,0,0,0
1928_PAN,PAN,1928,0,0,0
1948_PAN,PAN,1948,0,0,0
1952_PAN,PAN,1952,0,0,0
1960_PAN,PAN,1960,0,0,0
1964_PAN,PAN,1964,0,0,0
1968_PAN,PAN,1968,0,0,0
1972_PAN,PAN,1972,0,0,0
1976_PAN,PAN,1976,0,0,0
1984_PAN,PAN,1984,0,0,0
1988_PAN,PAN,1988,0,0,0
1992_PAN,PAN,1992,0,0,0
1996_PAN,PAN,1996,0,0,0
2000_PAN,PAN,2000,0,0,0
2004_PAN,PAN,2004,0,0,0
2008_PAN,PAN,2008,1.333,0,0.8
2012_PAN,PAN,2012,0,0,0
2016_PAN,PAN,2016,0,0,0
1968_PAR,PAR,1968,0,0,0
1972_PAR,PAR,1972,0,0,0
1976_PAR,PAR,1976,0,0,0
1984_PAR,PAR,1984,0,0,0
1988_PAR,PAR,1988,0,0,0
1992_PAR,PAR,1992,0,0,0
1996_PAR,PAR,1996,0,0,0
2000_PAR,PAR,2000,0,0,0
2004_PAR,PAR,2004,1.7,0,1.545
2008_PAR,PAR,2008,0,0,0
2012_PAR,PAR,2012,0,0,0
2014_PAR,PAR,2014,0,0,0
2016_PAR,PAR,2016,0,0,0
1900_PER,PER,1900,0,0,0
1932_PER,PER,1932,0,0,0
1936_PER,PER,1936,0,0,0
1948_PER,PER,1948,0.098,0,0.098
1956_PER,PER,1956,0,0,0
1960_PER,PER,1960,0,0,0
1964_PER,PER,1964,0,0,0
1968_PER,PER,1968,0,0,0
1972_PER,PER,1972,0,0,0
1976_PER,PER,1976,0,0,0
1980_PER,PER,1980,0,0,0
1984_PER,PER,1984,0.105,0,0.057
1988_PER,PER,1988,0,1.714,1.143
1992_PER,PER,1992,0.167,0,0.125
1996_PER,PER,1996,0,0,0
2000_PER,PER,2000,0,0,0
2004_PER,PER,2004,0,0,0
2008_PER,PER,2008,0,0,0
2010_PER,PER,2010,0,0,0
2012_PER,PER,2012,0,0,0
2014_PER,PER,2014,0,0,0
2016_PER,PER,2016,0,0,0
1924_PHI,PHI,1924,0,0,0
1928_PHI,PHI,1928,0.25,0,0.25
1932_PHI,PHI,1932,0.375,0,0.375
1936_PHI,PHI,1936,0.036,0,0.036
1948_PHI,PHI,1948,0,0,0
1952_PHI,PHI,1952,0,0,0
1956_PHI,PHI,1956,0,0,0
1960_PHI,PHI,1960,0,0,0
1964_PHI,PHI,1964,0.05,0,0.043
1968_PHI,PHI,1968,0,0,0
1972_PHI,PHI,1972,0,0,0
1976_PHI,PHI,1976,0,0,0
1984_PHI,PHI,1984,0,0,0
1988_PHI,PHI,1988,0.037,0,0.031
1992_PHI,PHI,1992,0.04,0,0.037
1996_PHI,PHI,1996,0.25,0,0.167
2000_PHI,PHI,2000,0,0,0
2004_PHI,PHI,2004,0,0,0
2008_PHI,PHI,2008,0,0,0
2012_PHI,PHI,2012,0,0,0
2014_PHI,PHI,2014,0,0,0
2016_PHI,PHI,2016,0,0.333,0.154
1996_PLE,PLE,1996,0,0,0
2000_PLE,PLE,2000,0,0,0
2004_PLE,PLE,2004,0,0,0
2008_PLE,PLE,2008,0,0,0
2012_PLE,PLE,2012,0,0,0
2016_PLE,PLE,2016,0,0,0
2000_PLW,PLW,2000,0,0,0
2004_PLW,PLW,2004,0,0,0
2008_PLW,PLW,2008,0,0,0
2012_PLW,PLW,2012,0,0,0
2016_PLW,PLW,2016,0,0,0
1976_PNG,PNG,1976,0,0,0
1984_PNG,PNG,1984,0,0,0
1988_PNG,PNG,1988,0,0,0
1992_PNG,PNG,1992,0,0,0
1996_PNG,PNG,1996,0,0,0
2000_PNG,PNG,2000,0,0,0
2004_PNG,PNG,2004,0,0,0
2008_PNG,PNG,2008,0,0,0
2012_PNG,PNG,2012,0,0,0
2016_PNG,PNG,2016,0,0,0
1912_POL,POL,1912,0,0,0
1924_POL,POL,1924,0.127,0,0.125
1928_POL,POL,1928,0.236,0.364,0.248
1932_POL,POL,1932,0.474,0.778,0.515
1936_POL,POL,1936,0.088,0.294,0.11
1948_POL,POL,1948,0.083,0,0.075
1952_POL,POL,1952,0.069,0,0.058
1956_POL,POL,1956,0.194,0.455,0.243
1960_POL,POL,1960,0.27,0.343,0.283
1964_POL,POL,1964,0.361,0.806,0.445
1968_POL,POL,1968,0.227,0.378,0.26
1972_POL,POL,1972,0.44,0.065,0.389
1976_POL,POL,1976,0.682,0.1,0.593
1980_POL,POL,1980,0.287,0.12,0.25
1984_POL,POL,1984,0,0,0
1988_POL,POL,1988,0.252,0.028,0.206
1992_POL,POL,1992,0.384,0.031,0.295
1994_POL,POL,1994,0,0,0
1996_POL,POL,1996,0.325,0.256,0.309
1998_POL,POL,1998,0,0,0
2000_POL,POL,2000,0.209,0.345,0.251
2002_POL,POL,2002,0.136,0,0.111
2004_POL,POL,2004,0.098,0.145,0.113
2006_POL,POL,2006,0.069,0.063,0.067
2008_POL,POL,2008,0.282,0.069,0.198
2010_POL,POL,2010,0,0.5,0.217
2012_POL,POL,2012,0.089,0.105,0.095
2014_POL,POL,2014,0.2,0.522,0.328
2016_POL,POL,2016,0.029,0.253,0.12
1912_POR,POR,1912,0,0,0
1920_POR,POR,1920,0,0,0
1924_POR,POR,1924,0.143,0,0.143
1928_POR,POR,1928,0.188,0,0.188
1932_POR,POR,1932,0,0,0
1936_POR,POR,1936,0.158,0,0.158
1948_POR,POR,1948,0.146,0,0.146
1952_POR,POR,1952,0.029,0,0.028
1956_POR,POR,1956,0,0,0
1960_POR,POR,1960,0.067,0,0.062
1964_POR,POR,1964,0,0,0
1968_POR,POR,1968,0,0,0
1972_POR,POR,1972,0,0,0
1976_POR,POR,1976,0.211,0,0.211
1980_POR,POR,1980,0,0,0
1984_POR,POR,1984,0.172,0.111,0.158
1988_POR,POR,1988,0,0.4,0.057
1992_POR,POR,1992,0,0,0
1994_POR,POR,1994,0,0,0
1996_POR,POR,1996,0.024,0.167,0.056
1998_POR,POR,1998,0,0,0
2000_POR,POR,2000,0.021,0.077,0.033
2004_POR,POR,2004,0.078,0,0.062
2006_POR,POR,2006,0,0,0
2008_POR,POR,2008,0.078,0.077,0.078
2010_POR,POR,2010,0,0,0
2012_POR,POR,2012,0.091,0,0.053
2014_POR,POR,2014,0,0,0
2016_POR,POR,2016,0,0.034,0.011
1964_PRK,PRK,1964,0,0.286,0.154
1972_PRK,PRK,1972,0.348,0.55,0.442
1976_PRK,PRK,1976,0.167,0,0.158
1980_PRK,PRK,1980,0.205,0,0.17
1984_PRK,PRK,1984,0,0,0
1988_PRK,PRK,1988,0,0,0
1992_PRK,PRK,1992,0.422,0.051,0.25
1996_PRK,PRK,1996,0.533,0.444,0.5
1998_PRK,PRK,1998,0,0,0
2000_PRK,PRK,2000,0.143,0.176,0.161
2004_PRK,PRK,2004,0.231,0.261,0.25
2006_PRK,PRK,2006,0,0,0
2008_PRK,PRK,2008,0.048,0.324,0.224
2010_PRK,PRK,2010,0,0,0
2012_PRK,PRK,2012,0.6,0.243,0.346
2016_PRK,PRK,2016,0.636,0.45,0.516
1948_PUR,PUR,1948,0.111,0,0.111
1952_PUR,PUR,1952,0,0,0
1956_PUR,PUR,1956,0,0,0
1960_PUR,PUR,1960,0,0,0
1964_PUR,PUR,1964,0,0,0
1968_PUR,PUR,1968,0,0,0
1972_PUR,PUR,1972,0,0,0
1976_PUR,PUR,1976,0.014,0,0.013
1980_PUR,PUR,1980,0,0,0
1984_PUR,PUR,1984,0.068,0,0.058
1988_PUR,PUR,1988,0,0,0
1992_PUR,PUR,1992,0.014,0,0.013
1994_PUR,PUR,1994,0,0,0
1996_PUR,PUR,1996,0.021,0,0.014
1998_PUR,PUR,1998,0,0,0
2000_PUR,PUR,2000,0,0,0
2004_PUR,PUR,2004,0,0,0
2008_PUR,PUR,2008,0,0,0
2012_PUR,PUR,2012,0.158,0,0.12
2016_PUR,PUR,2016,0,0.148,0.1
1984_QAT,QAT,1984,0,0,0
1988_QAT,QAT,1988,0,0,0
1992_QAT,QAT,1992,0.036,0,0.036
1996_QAT,QAT,1996,0,0,0
2000_QAT,QAT,2000,0.059,0,0.059
2004_QAT,QAT,2004,0,0,0
2008_QAT,QAT,2008,0,0,0
2012_QAT,QAT,2012,0.25,0,0.167
2016_QAT,QAT,2016,0.057,0,0.054
1960_RHO,RHO,1960,0,0,0
2016_ROT,ROT,2016,0,0,0
1900_ROU,ROU,1900,0,0,0
1924_ROU,ROU,1924,0.457,0,0.457
1928_ROU,ROU,1928,0,0,0
1932_ROU,ROU,1932,0,0,0
1936_ROU,ROU,1936,0.031,0,0.029
1948_ROU,ROU,1948,0,0,0
1952_ROU,ROU,1952,0.067,0,0.062
1956_ROU,ROU,1956,0.442,0.412,0.435
1960_ROU,ROU,1960,0.159,0.75,0.255
1964_ROU,ROU,1964,0.081,0.433,0.145
1968_ROU,ROU,1968,0.326,1.059,0.438
1972_ROU,ROU,1972,0.338,0.37,0.343
1976_ROU,ROU,1976,0.459,0.315,0.418
1980_ROU,ROU,1980,0.332,0.316,0.327
1984_ROU,ROU,1984,0.966,2.661,1.629
1988_ROU,ROU,1988,0.784,1.595,1.215
1992_ROU,ROU,1992,0.378,0.662,0.49
1994_ROU,ROU,1994,0,0,0
1996_ROU,ROU,1996,0.133,1,0.485
1998_ROU,ROU,1998,0,0,0
2000_ROU,ROU,2000,0.31,1.068,0.697
2002_ROU,ROU,2002,0,0,0
2004_ROU,ROU,2004,0.26,1.069,0.694
2006_ROU,ROU,2006,0,0,0
2008_ROU,ROU,2008,0.025,0.607,0.376
2010_ROU,ROU,2010,0,0,0
2012_ROU,ROU,2012,0.236,0.34,0.286
2014_ROU,ROU,2014,0,0,0
2016_ROU,ROU,2016,0.147,0.41,0.316
1904_RSA,RSA,1904,0,0,0
1908_RSA,RSA,1908,0.429,0,0.429
1912_RSA,RSA,1912,0.762,0,0.762
1920_RSA,RSA,1920,1.105,0,1.077
1924_RSA,RSA,1924,0.233,0,0.233
1928_RSA,RSA,1928,0.278,0.667,0.375
1932_RSA,RSA,1932,0.9,1,0.917
1936_RSA,RSA,1936,0.074,0,0.063
1948_RSA,RSA,1948,0.412,0,0.4
1952_RSA,RSA,1952,0.233,2.5,0.375
1956_RSA,RSA,1956,0.068,0.667,0.14
1960_RSA,RSA,1960,0.074,0,0.068
1992_RSA,RSA,1992,0.059,0.08,0.065
1994_RSA,RSA,1994,0,0,0
1996_RSA,RSA,1996,0.094,0.05,0.083
1998_RSA,RSA,1998,0,0,0
2000_RSA,RSA,2000,0.045,0.079,0.055
2002_RSA,RSA,2002,0,0,0
2004_RSA,RSA,2004,0.348,0.05,0.236
2006_RSA,RSA,2006,0,0,0
2008_RSA,RSA,2008,0.027,0,0.015
2010_RSA,RSA,2010,0,0,0
2012_RSA,RSA,2012,0.382,0.054,0.234
2016_RSA,RSA,2016,0.28,0.143,0.237
1900_RUS,RUS,1900,0,0,0
1908_RUS,RUS,1908,1.333,0,1.333
1912_RUS,RUS,1912,0.119,0,0.119
1924_RUS,RUS,1924,0,0,0
1994_RUS,RUS,1994,0.56,1.368,0.832
1996_RUS,RUS,1996,0.698,0.348,0.556
1998_RUS,RUS,1998,0.823,0.953,0.869
2000_RUS,RUS,2000,0.963,0.902,0.936
2002_RUS,RUS,2002,0.447,0.348,0.404
2004_RUS,RUS,2004,0.68,0.965,0.809
2006_RUS,RUS,2006,0.41,0.676,0.523
2008_RUS,RUS,2008,0.45,0.821,0.632
2010_RUS,RUS,2010,0.266,0.284,0.274
2012_RUS,RUS,2012,0.739,0.686,0.711
2014_RUS,RUS,2014,0.664,0.432,0.568
2016_RUS,RUS,2016,0.5,1.352,0.926
1984_RWA,RWA,1984,0,0,0
1988_RWA,RWA,1988,0,0,0
1992_RWA,RWA,1992,0,0,0
1996_RWA,RWA,1996,0,0,0
2000_RWA,RWA,2000,0,0,0
2004_RWA,RWA,2004,0,0,0
2008_RWA,RWA,2008,0,0,0
2012_RWA,RWA,2012,0,0,0
2016_RWA,RWA,2016,0,0,0
1952_SAA,SAA,1952,0,0,0
1984_SAM,SAM,1984,0,0,0
1988_SAM,SAM,1988,0,0,0
1992_SAM,SAM,1992,0,0,0
1996_SAM,SAM,1996,0,0,0
2000_SAM,SAM,2000,0,0,0
2004_SAM,SAM,2004,0,0,0
2008_SAM,SAM,2008,0,0,0
2012_SAM,SAM,2012,0,0,0
2016_SAM,SAM,2016,0,0,0
1996_SCG,SCG,1996,0.61,0.556,0.603
1998_SCG,SCG,1998,0,0,0
2000_SCG,SCG,2000,0.62,0.118,0.541
2002_SCG,SCG,2002,0,0,0
2004_SCG,SCG,2004,0.308,0.286,0.306
2006_SCG,SCG,2006,0,0,0
1964_SEN,SEN,1964,0,0,0
1968_SEN,SEN,1968,0,0,0
1972_SEN,SEN,1972,0,0,0
1976_SEN,SEN,1976,0,0,0
1980_SEN,SEN,1980,0,0,0
1984_SEN,SEN,1984,0,0,0
1988_SEN,SEN,1988,0.091,0,0.087
1992_SEN,SEN,1992,0,0,0
1994_SEN,SEN,1994,0,0,0
1996_SEN,SEN,1996,0,0,0
2000_SEN,SEN,2000,0,0,0
2004_SEN,SEN,2004,0,0,0
2006_SEN,SEN,2006,0,0,0
2008_SEN,SEN,2008,0,0,0
2010_SEN,SEN,2010,0,0,0
2012_SEN,SEN,2012,0,0,0
2016_SEN,SEN,2016,0,0,0
1980_SEY,SEY,1980,0,0,0
1984_SEY,SEY,1984,0,0,0
1992_SEY,SEY,1992,0,0,0
1996_SEY,SEY,1996,0,0,0
2000_SEY,SEY,2000,0,0,0
2004_SEY,SEY,2004,0,0,0
2008_SEY,SEY,2008,0,0,0
2012_SEY,SEY,2012,0,0,0
2016_SEY,SEY,2016,0,0,0
1948_SGP,SGP,1948,0,0,0
1952_SGP,SGP,1952,0,0,0
1956_SGP,SGP,1956,0,0,0
1960_SGP,SGP,1960,0.4,0,0.4
1968_SGP,SGP,1968,0,0,0
1972_SGP,SGP,1972,0,0,0
1976_SGP,SGP,1976,0,0,0
1984_SGP,SGP,1984,0,0,0
1988_SGP,SGP,1988,0,0,0
1992_SGP,SGP,1992,0,0,0
1996_SGP,SGP,1996,0,0,0
2000_SGP,SGP,2000,0,0,0
2004_SGP,SGP,2004,0,0,0
2008_SGP,SGP,2008,0,0.429,0.24
2012_SGP,SGP,2012,0,0.133,0.087
2016_SGP,SGP,2016,0.444,0,0.16
1996_SKN,SKN,1996,0,0,0
2000_SKN,SKN,2000,0,0,0
2004_SKN,SKN,2004,0,0,0
2008_SKN,SKN,2008,0,0,0
2012_SKN,SKN,2012,0,0,0
2016_SKN,SKN,2016,0,0,0
1968_SLE,SLE,1968,0,0,0
1980_SLE,SLE,1980,0,0,0
1984_SLE,SLE,1984,0,0,0
1988_SLE,SLE,1988,0,0,0
1992_SLE,SLE,1992,0,0,0
1996_SLE,SLE,1996,0,0,0
2000_SLE,SLE,2000,0,0,0
2004_SLE,SLE,2004,0,0,0
2008_SLE,SLE,2008,0,0,0
2012_SLE,SLE,2012,0,0,0
2016_SLE,SLE,2016,0,0,0
1992_SLO,SLO,1992,0.122,0,0.097
1994_SLO,SLO,1994,0.059,0.4,0.136
1996_SLO,SLO,1996,0.08,0.167,0.108
1998_SLO,SLO,1998,0,0,0
2000_SLO,SLO,2000,0.218,0,0.162
2002_SLO,SLO,2002,0.167,0,0.1
2004_SLO,SLO,2004,0.089,0.087,0.089
2006_SLO,SLO,2006,0,0,0
2008_SLO,SLO,2008,0.175,0.143,0.164
2010_SLO,SLO,2010,0,0.059,0.021
2012_SLO,SLO,2012,0.179,0.108,0.138
2014_SLO,SLO,2014,0.14,0.133,0.138
2016_SLO,SLO,2016,0.103,0.208,0.143
1960_SMR,SMR,1960,0,0,0
1968_SMR,SMR,1968,0,0,0
1972_SMR,SMR,1972,0,0,0
1976_SMR,SMR,1976,0,0,0
1980_SMR,SMR,1980,0,0,0
1984_SMR,SMR,1984,0,0,0
1988_SMR,SMR,1988,0,0,0
1992_SMR,SMR,1992,0,0,0
1994_SMR,SMR,1994,0,0,0
1996_SMR,SMR,1996,0,0,0
2000_SMR,SMR,2000,0,0,0
2002_SMR,SMR,2002,0,0,0
2004_SMR,SMR,2004,0,0,0
2006_SMR,SMR,2006,0,0,0
2008_SMR,SMR,2008,0,0,0
2010_SMR,SMR,2010,0,0,0
2012_SMR,SMR,2012,0,0,0
2014_SMR,SMR,2014,0,0,0
2016_SMR,SMR,2016,0,0,0
1984_SOL,SOL,1984,0,0,0
1988_SOL,SOL,1988,0,0,0
1992_SOL,SOL,1992,0,0,0
1996_SOL,SOL,1996,0,0,0
2000_SOL,SOL,2000,0,0,0
2004_SOL,SOL,2004,0,0,0
2008_SOL,SOL,2008,0,0,0
2012_SOL,SOL,2012,0,0,0
2016_SOL,SOL,2016,0,0,0
1972_SOM,SOM,1972,0,0,0
1984_SOM,SOM,1984,0,0,0
1988_SOM,SOM,1988,0,0,0
1996_SOM,SOM,1996,0,0,0
2000_SOM,SOM,2000,0,0,0
2004_SOM,SOM,2004,0,0,0
2008_SOM,SOM,2008,0,0,0
2012_SOM,SOM,2012,0,0,0
2016_SOM,SOM,2016,0,0,0
1912_SRB,SRB,1912,0,0,0
2008_SRB,SRB,2008,0.254,0,0.184
2010_SRB,SRB,2010,0,0,0
2012_SRB,SRB,2012,0.175,0.167,0.172
2014_SRB,SRB,2014,0,0,0
2016_SRB,SRB,2016,1.448,0.867,1.194
1948_SRI,SRI,1948,0.286,0,0.286
1952_SRI,SRI,1952,0,0,0
1956_SRI,SRI,1956,0,0,0
1960_SRI,SRI,1960,0,0,0
1964_SRI,SRI,1964,0,0,0
1968_SRI,SRI,1968,0,0,0
1972_SRI,SRI,1972,0,0,0
1980_SRI,SRI,1980,0,0,0
1984_SRI,SRI,1984,0,0,0
1988_SRI,SRI,1988,0,0,0
1992_SRI,SRI,1992,0,0,0
1996_SRI,SRI,1996,0,0,0
2000_SRI,SRI,2000,0,0.222,0.111
2004_SRI,SRI,2004,0,0,0
2008_SRI,SRI,2008,0,0,0
2012_SRI,SRI,2012,0,0,0
2016_SRI,SRI,2016,0,0,0
2016_SSD,SSD,2016,0,0,0
1996_STP,STP,1996,0,0,0
2000_STP,STP,2000,0,0,0
2004_STP,STP,2004,0,0,0
2008_STP,STP,2008,0,0,0
2012_STP,STP,2012,0,0,0
2016_STP,STP,2016,0,0,0
1960_SUD,SUD,1960,0,0,0
1968_SUD,SUD,1968,0,0,0
1972_SUD,SUD,1972,0,0,0
1984_SUD,SUD,1984,0,0,0
1988_SUD,SUD,1988,0,0,0
1992_SUD,SUD,1992,0,0,0
1996_SUD,SUD,1996,0,0,0
2000_SUD,SUD,2000,0,0,0
2004_SUD,SUD,2004,0,0,0
2008_SUD,SUD,2008,0.4,0,0.222
2012_SUD,SUD,2012,0,0,0
2016_SUD,SUD,2016,0,0,0
1896_SUI,SUI,1896,1.333,0,1.333
1900_SUI,SUI,1900,1.824,6,2.056
1904_SUI,SUI,1904,2,0,2
1906_SUI,SUI,1906,2.111,0,2.111
1908_SUI,SUI,1908,0,0,0
1912_SUI,SUI,1912,1.143,0,1.143
1920_SUI,SUI,1920,0.494,0,0.494
1924_SUI,SUI,1924,0.873,0,0.847
1928_SUI,SUI,1928,0.421,0,0.416
1932_SUI,SUI,1932,0.429,0,0.429
1936_SUI,SUI,1936,0.439,0.4,0.438
1948_SUI,SUI,1948,0.443,0.316,0.434
1952_SUI,SUI,1952,0.268,0,0.245
1956_SUI,SUI,1956,0.383,1.25,0.485
1960_SUI,SUI,1960,0.137,0.444,0.153
1964_SUI,SUI,1964,0.088,0.154,0.094
1968_SUI,SUI,1968,0.227,0.222,0.227
1972_SUI,SUI,1972,0.292,0,0.241
1976_SUI,SUI,1976,0.263,0.8,0.312
1980_SUI,SUI,1980,0.25,0.118,0.231
1984_SUI,SUI,1984,0.206,0.275,0.222
1988_SUI,SUI,1988,0.359,0.122,0.302
1992_SUI,SUI,1992,0.131,0,0.097
1994_SUI,SUI,1994,0.707,0.389,0.61
1996_SUI,SUI,1996,0.333,0.186,0.278
1998_SUI,SUI,1998,0.72,0.053,0.536
2000_SUI,SUI,2000,0.172,0.342,0.235
2002_SUI,SUI,2002,0.2,0.533,0.291
2004_SUI,SUI,2004,0.186,0.026,0.122
2006_SUI,SUI,2006,0.169,0.542,0.312
2008_SUI,SUI,2008,0.404,0.056,0.253
2010_SUI,SUI,2010,0.269,0.018,0.164
2012_SUI,SUI,2012,0.114,0.143,0.122
2014_SUI,SUI,2014,0.163,0.455,0.289
2016_SUI,SUI,2016,0.421,0.178,0.314
1968_SUR,SUR,1968,0,0,0
1972_SUR,SUR,1972,0,0,0
1976_SUR,SUR,1976,0,0,0
1984_SUR,SUR,1984,0,0,0
1988_SUR,SUR,1988,1,0,0.667
1992_SUR,SUR,1992,0.2,0,0.167
1996_SUR,SUR,1996,0,0,0
2000_SUR,SUR,2000,0,0,0
2004_SUR,SUR,2004,0,0,0
2008_SUR,SUR,2008,0,0,0
2012_SUR,SUR,2012,0,0,0
2016_SUR,SUR,2016,0,0,0
1994_SVK,SVK,1994,0,0,0
1996_SVK,SVK,1996,0.121,0,0.099
1998_SVK,SVK,1998,0,0,0
2000_SVK,SVK,2000,0.136,0,0.102
2002_SVK,SVK,2002,0,0,0
2004_SVK,SVK,2004,0.354,0.25,0.328
2006_SVK,SVK,2006,0.044,0,0.034
2008_SVK,SVK,2008,0.6,0.273,0.474
2010_SVK,SVK,2010,0.026,0.2,0.103
2012_SVK,SVK,2012,0.115,0.143,0.128
2014_SVK,SVK,2014,0,0.235,0.065
2016_SVK,SVK,2016,0.688,0,0.431
1896_SWE,SWE,1896,0,0,0
1900_SWE,SWE,1900,1.3,0,1.3
1906_SWE,SWE,1906,0.641,0,0.641
1908_SWE,SWE,1908,1.364,0.333,1.345
1912_SWE,SWE,1912,1.14,0.391,1.101
1920_SWE,SWE,1920,1.206,0.846,1.188
1924_SWE,SWE,1924,0.678,0.231,0.647
1928_SWE,SWE,1928,0.847,0.231,0.782
1932_SWE,SWE,1932,0.831,0,0.796
1936_SWE,SWE,1936,0.43,0.222,0.421
1948_SWE,SWE,1948,0.975,0.05,0.892
1952_SWE,SWE,1952,0.577,1,0.627
1956_SWE,SWE,1956,0.586,0.682,0.6
1960_SWE,SWE,1960,0.173,0.56,0.227
1964_SWE,SWE,1964,0.648,0.231,0.576
1968_SWE,SWE,1968,0.297,0.261,0.292
1972_SWE,SWE,1972,0.229,0.25,0.233
1976_SWE,SWE,1976,0.295,0.077,0.258
1980_SWE,SWE,1980,0.287,0.343,0.296
1984_SWE,SWE,1984,0.348,0.288,0.335
1988_SWE,SWE,1988,0.248,0.08,0.214
1992_SWE,SWE,1992,0.286,0.197,0.265
1994_SWE,SWE,1994,1.375,0.3,1.119
1996_SWE,SWE,1996,0.423,0.242,0.356
1998_SWE,SWE,1998,0.038,0.152,0.091
2000_SWE,SWE,2000,0.5,0.212,0.4
2002_SWE,SWE,2002,0.054,0.5,0.255
2004_SWE,SWE,2004,0.387,0.151,0.278
2006_SWE,SWE,2006,1.667,1.744,1.698
2008_SWE,SWE,2008,0.2,0.027,0.098
2010_SWE,SWE,2010,0.298,0.523,0.396
2012_SWE,SWE,2012,0.745,0.051,0.338
2014_SWE,SWE,2014,1.321,0.628,1.02
2016_SWE,SWE,2016,0.094,0.593,0.38
1972_SWZ,SWZ,1972,0,0,0
1984_SWZ,SWZ,1984,0,0,0
1988_SWZ,SWZ,1988,0,0,0
1992_SWZ,SWZ,1992,0,0,0
1996_SWZ,SWZ,1996,0,0,0
2000_SWZ,SWZ,2000,0,0,0
2004_SWZ,SWZ,2004,0,0,0
2008_SWZ,SWZ,2008,0,0,0
2012_SWZ,SWZ,2012,0,0,0
2016_SWZ,SWZ,2016,0,0,0
1948_SYR,SYR,1948,0,0,0
1968_SYR,SYR,1968,0,0,0
1972_SYR,SYR,1972,0,0,0
1980_SYR,SYR,1980,0,0,0
1984_SYR,SYR,1984,0.222,0,0.222
1988_SYR,SYR,1988,0,0,0
1992_SYR,SYR,1992,0,0,0
1996_SYR,SYR,1996,0,4,0.571
2000_SYR,SYR,2000,0,0,0
2004_SYR,SYR,2004,0.2,0,0.167
2008_SYR,SYR,2008,0,0,0
2012_SYR,SYR,2012,0,0,0
2016_SYR,SYR,2016,0,0,0
1964_TAN,TAN,1964,0,0,0
1968_TAN,TAN,1968,0,0,0
1972_TAN,TAN,1972,0,0,0
1980_TAN,TAN,1980,0.111,0,0.098
1984_TAN,TAN,1984,0,0,0
1988_TAN,TAN,1988,0,0,0
1992_TAN,TAN,1992,0,0,0
1996_TAN,TAN,1996,0,0,0
2000_TAN,TAN,2000,0,0,0
2004_TAN,TAN,2004,0,0,0
2008_TAN,TAN,2008,0,0,0
2012_TAN,TAN,2012,0,0,0
2016_TAN,TAN,2016,0,0,0
1920_TCH,TCH,1920,0.076,1,0.084
1924_TCH,TCH,1924,0.058,0,0.056
1928_TCH,TCH,1928,0.293,0,0.287
1932_TCH,TCH,1932,0.387,0,0.387
1936_TCH,TCH,1936,0.135,0.842,0.192
1948_TCH,TCH,1948,0.57,1.6,0.724
1952_TCH,TCH,1952,0.352,0.923,0.413
1956_TCH,TCH,1956,0.058,0.333,0.106
1960_TCH,TCH,1960,0.21,1,0.314
1964_TCH,TCH,1964,0.756,0.632,0.74
1968_TCH,TCH,1968,0.452,0.559,0.473
1972_TCH,TCH,1972,0.412,0.1,0.356
1976_TCH,TCH,1976,0.36,0.02,0.285
1980_TCH,TCH,1980,0.439,0.648,0.484
1984_TCH,TCH,1984,1.105,0.833,1.04
1988_TCH,TCH,1988,0.164,0.063,0.135
1992_TCH,TCH,1992,0.249,0,0.177
1984_TGA,TGA,1984,0,0,0
1988_TGA,TGA,1988,0,0,0
1992_TGA,TGA,1992,0,0,0
1996_TGA,TGA,1996,0.5,0,0.4
2000_TGA,TGA,2000,0,0,0
2004_TGA,TGA,2004,0,0,0
2008_TGA,TGA,2008,0,0,0
2012_TGA,TGA,2012,0,0,0
2014_TGA,TGA,2014,0,0,0
2016_TGA,TGA,2016,0,0,0
1952_THA,THA,1952,0,0,0
1956_THA,THA,1956,0,0,0
1960_THA,THA,1960,0,0,0
1964_THA,THA,1964,0,0,0
1968_THA,THA,1968,0,0,0
1972_THA,THA,1972,0,0,0
1976_THA,THA,1976,0.026,0,0.024
1984_THA,THA,1984,0.08,0,0.057
1988_THA,THA,1988,0.083,0,0.071
1992_THA,THA,1992,0.043,0,0.022
1996_THA,THA,1996,0.2,0,0.135
2000_THA,THA,2000,0.147,0.056,0.115
2002_THA,THA,2002,0,0,0
2004_THA,THA,2004,0.292,0.611,0.429
2006_THA,THA,2006,0,0,0
2008_THA,THA,2008,0.273,0.24,0.255
2012_THA,THA,2012,0.105,0.167,0.135
2014_THA,THA,2014,0,0,0
2016_THA,THA,2016,0.115,0.393,0.259
1996_TJK,TJK,1996,0,0,0
2000_TJK,TJK,2000,0,0,0
2002_TJK,TJK,2002,0,0,0
2004_TJK,TJK,2004,0,0,0
2006_TJK,TJK,2006,0,0,0
2008_TJK,TJK,2008,0.25,0,0.2
2010_TJK,TJK,2010,0,0,0
2012_TJK,TJK,2012,0,0.333,0.063
2014_TJK,TJK,2014,0,0,0
2016_TJK,TJK,2016,0.8,0,0.571
1996_TKM,TKM,1996,0,0,0
2000_TKM,TKM,2000,0,0,0
2004_TKM,TKM,2004,0,0,0
2008_TKM,TKM,2008,0,0,0
2012_TKM,TKM,2012,0,0,0
2016_TKM,TKM,2016,0,0,0
2004_TLS,TLS,2004,0,0,0
2008_TLS,TLS,2008,0,0,0
2012_TLS,TLS,2012,0,0,0
2014_TLS,TLS,2014,0,0,0
2016_TLS,TLS,2016,0,0,0
1972_TOG,TOG,1972,0,0,0
1984_TOG,TOG,1984,0,0,0
1988_TOG,TOG,1988,0,0,0
1992_TOG,TOG,1992,0,0,0
1996_TOG,TOG,1996,0,0,0
2000_TOG,TOG,2000,0,0,0
2004_TOG,TOG,2004,0,0,0
2008_TOG,TOG,2008,0.333,0,0.25
2012_TOG,TOG,2012,0,0,0
2014_TOG,TOG,2014,0,0,0
2016_TOG,TOG,2016,0,0,0
1956_TPE,TPE,1956,0,0,0
1960_TPE,TPE,1960,0.083,0,0.074
1964_TPE,TPE,1964,0,0,0
1968_TPE,TPE,1968,0,0.125,0.023
1972_TPE,TPE,1972,0,0,0
1976_TPE,TPE,1976,0,0,0
1984_TPE,TPE,1984,0.024,0,0.02
1988_TPE,TPE,1988,0,0,0
1992_TPE,TPE,1992,1.29,0,1.026
1994_TPE,TPE,1994,0,0,0
1996_TPE,TPE,1996,0,0.048,0.027
1998_TPE,TPE,1998,0,0,0
2000_TPE,TPE,2000,0.048,0.147,0.109
2002_TPE,TPE,2002,0,0,0
2004_TPE,TPE,2004,0.245,0.179,0.216
2006_TPE,TPE,2006,0,0,0
2008_TPE,TPE,2008,0.047,0.056,0.051
2010_TPE,TPE,2010,0,0,0
2012_TPE,TPE,2012,0,0.12,0.068
2014_TPE,TPE,2014,0,0,0
2016_TPE,TPE,2016,0,0.276,0.145
1948_TTO,TTO,1948,0.4,0,0.4
1952_TTO,TTO,1952,1,0,1
1956_TTO,TTO,1956,0,0,0
1964_TTO,TTO,1964,0.385,0,0.385
1968_TTO,TTO,1968,0,0,0
1972_TTO,TTO,1972,0,0,0
1976_TTO,TTO,1976,0.308,0,0.308
1980_TTO,TTO,1980,0,0,0
1984_TTO,TTO,1984,0,0,0
1988_TTO,TTO,1988,0,0,0
1992_TTO,TTO,1992,0,0,0
1994_TTO,TTO,1994,0,0,0
1996_TTO,TTO,1996,0,0,0
1998_TTO,TTO,1998,0,0,0
2000_TTO,TTO,2000,0.214,0,0.158
2002_TTO,TTO,2002,0,0,0
2004_TTO,TTO,2004,0.1,0,0.053
2008_TTO,TTO,2008,1.294,0,0.786
2012_TTO,TTO,2012,0.833,0,0.6
2016_TTO,TTO,2016,0.056,0,0.036
1960_TUN,TUN,1960,0,0,0
1964_TUN,TUN,1964,0.333,0,0.333
1968_TUN,TUN,1968,0.714,0,0.714
1972_TUN,TUN,1972,0.057,0,0.057
1976_TUN,TUN,1976,0,0,0
1984_TUN,TUN,1984,0,0,0
1988_TUN,TUN,1988,0,0,0
1992_TUN,TUN,1992,0,0,0
1996_TUN,TUN,1996,0.022,0,0.02
2000_TUN,TUN,2000,0,0,0
2004_TUN,TUN,2004,0,0,0
2008_TUN,TUN,2008,0.286,0,0.154
2012_TUN,TUN,2012,0.079,0.1,0.084
2016_TUN,TUN,2016,0.024,0.1,0.049
1906_TUR,TUR,1906,0,0,0
1912_TUR,TUR,1912,0,0,0
1924_TUR,TUR,1924,0,0,0
1928_TUR,TUR,1928,0,0,0
1932_TUR,TUR,1932,0,0,0
1936_TUR,TUR,1936,0.096,0,0.093
1948_TUR,TUR,1948,0.557,0,0.548
1952_TUR,TUR,1952,0.176,0,0.176
1956_TUR,TUR,1956,0.783,0,0.783
1960_TUR,TUR,1960,0.667,0,0.627
1964_TUR,TUR,1964,0.536,0,0.536
1968_TUR,TUR,1968,0.2,0,0.2
1972_TUR,TUR,1972,0.048,0,0.047
1976_TUR,TUR,1976,0,0,0
1984_TUR,TUR,1984,0.058,0,0.057
1988_TUR,TUR,1988,0.136,0,0.122
1992_TUR,TUR,1992,0.295,0.2,0.286
1994_TUR,TUR,1994,0,0,0
1996_TUR,TUR,1996,0.432,0,0.358
1998_TUR,TUR,1998,0,0,0
2000_TUR,TUR,2000,0.31,0.067,0.246
2002_TUR,TUR,2002,0,0,0
2004_TUR,TUR,2004,0.432,0.2,0.359
2006_TUR,TUR,2006,0,0,0
2008_TUR,TUR,2008,0.146,0.316,0.194
2010_TUR,TUR,2010,0,0,0
2012_TUR,TUR,2012,0.104,0.125,0.116
2014_TUR,TUR,2014,0,0,0
2016_TUR,TUR,2016,0.245,0.021,0.14
2008_TUV,TUV,2008,0,0,0
2012_TUV,TUV,2012,0,0,0
2016_TUV,TUV,2016,0,0,0
1984_UAE,UAE,1984,0,0,0
1988_UAE,UAE,1988,0,0,0
1992_UAE,UAE,1992,0,0,0
1996_UAE,UAE,1996,0,0,0
2000_UAE,UAE,2000,0,0,0
2004_UAE,UAE,2004,1,0,1
2008_UAE,UAE,2008,0,0,0
2012_UAE,UAE,2012,0,0,0
2016_UAE,UAE,2016,0.111,0,0.083
1960_UAR,UAR,1960,0.041,0,0.041
1956_UGA,UGA,1956,0,0,0
1960_UGA,UGA,1960,0,0,0
1964_UGA,UGA,1964,0,0,0
1968_UGA,UGA,1968,0.273,0,0.273
1972_UGA,UGA,1972,0.194,0,0.182
1980_UGA,UGA,1980,0.154,0,0.154
1984_UGA,UGA,1984,0,0,0
1988_UGA,UGA,1988,0,0,0
1992_UGA,UGA,1992,0,0,0
1996_UGA,UGA,1996,0.143,0,0.1
2000_UGA,UGA,2000,0,0,0
2004_UGA,UGA,2004,0,0,0
2008_UGA,UGA,2008,0,0,0
2012_UGA,UGA,2012,0.364,0,0.267
2016_UGA,UGA,2016,0,0,0
1994_UKR,UKR,1994,0,0.294,0.135
1996_UKR,UKR,1996,0.26,0.271,0.264
1998_UKR,UKR,1998,0,0.077,0.036
2000_UKR,UKR,2000,0.288,0.176,0.243
2002_UKR,UKR,2002,0,0,0
2004_UKR,UKR,2004,0.234,0.365,0.297
2006_UKR,UKR,2006,0.033,0.091,0.058
2008_UKR,UKR,2008,0.244,0.302,0.272
2010_UKR,UKR,2010,0,0,0
2012_UKR,UKR,2012,0.21,0.243,0.226
2014_UKR,UKR,2014,0,0.739,0.405
2016_UKR,UKR,2016,0.218,0.085,0.142
1912_UNK,UNK,1912,0,0,0
1952_URS,URS,1952,0.635,1.275,0.722
1956_URS,URS,1956,1.346,1.267,1.335
1960_URS,URS,1960,1.032,1.453,1.11
1964_URS,URS,1964,1.241,1.228,1.238
1968_URS,URS,1968,1.31,1.395,1.329
1972_URS,URS,1972,1.513,1.564,1.523
1976_URS,URS,1976,1.491,1.938,1.624
1980_URS,URS,1980,1.824,2.14,1.918
1984_URS,URS,1984,1.811,0.4,1.455
1988_URS,URS,1988,1.587,1.13,1.442
1924_URU,URU,1924,2.154,0,2.154
1928_URU,URU,1928,4,0,4
1932_URU,URU,1932,0.5,0,0.5
1936_URU,URU,1936,0,0,0
1948_URU,URU,1948,0.067,0,0.066
1952_URU,URU,1952,0.452,0,0.438
1956_URU,URU,1956,0.571,0,0.571
1960_URU,URU,1960,0,0,0
1964_URU,URU,1964,0.043,0,0.043
1968_URU,URU,1968,0,0,0
1972_URU,URU,1972,0,0,0
1976_URU,URU,1976,0,0,0
1984_URU,URU,1984,0,0,0
1988_URU,URU,1988,0,0,0
1992_URU,URU,1992,0,0,0
1996_URU,URU,1996,0,0,0
1998_URU,URU,1998,0,0,0
2000_URU,URU,2000,0.167,0,0.133
2004_URU,URU,2004,0,0,0
2008_URU,URU,2008,0,0,0
2012_URU,URU,2012,0,0,0
2016_URU,URU,2016,0,0,0
1896_USA,USA,1896,2.286,0,2.286
1900_USA,USA,1900,1.5,1,1.453
1904_USA,USA,1904,1.208,2,1.218
1906_USA,USA,1906,0.947,0,0.947
1908_USA,USA,1908,1.27,0,1.27
1912_USA,USA,1912,1.184,0,1.184
1920_USA,USA,1920,1.219,1.714,1.243
1924_USA,USA,1924,1.38,1.692,1.406
1928_USA,USA,1928,0.759,1.021,0.799
1932_USA,USA,1932,0.945,0.863,0.933
1936_USA,USA,1936,0.669,0.582,0.657
1948_USA,USA,1948,1.125,0.833,1.087
1952_USA,USA,1952,1.276,0.608,1.179
1956_USA,USA,1956,1.006,0.789,0.973
1960_USA,USA,1960,1.063,0.754,1.005
1964_USA,USA,1964,0.932,0.806,0.904
1968_USA,USA,1968,0.685,0.856,0.724
1972_USA,USA,1972,0.695,0.827,0.724
1976_USA,USA,1976,0.72,0.757,0.731
1980_USA,USA,1980,1.039,0.12,0.812
1984_USA,USA,1984,1.277,1.324,1.293
1988_USA,USA,1988,0.665,0.655,0.661
1992_USA,USA,1992,0.583,0.792,0.655
1994_USA,USA,1994,0.188,0.327,0.236
1996_USA,USA,1996,0.739,1.308,0.978
1998_USA,USA,1998,0.143,1.21,0.608
2000_USA,USA,2000,0.958,1.071,1.007
2002_USA,USA,2002,0.87,0.793,0.837
2004_USA,USA,2004,0.918,1.335,1.116
2006_USA,USA,2006,0.402,0.471,0.431
2008_USA,USA,2008,0.977,1.319,1.141
2010_USA,USA,2010,0.967,0.717,0.858
2012_USA,USA,2012,0.721,1.504,1.117
2014_USA,USA,2014,0.344,0.78,0.541
2016_USA,USA,2016,0.909,1.199,1.061
1994_UZB,UZB,1994,0,1,0.571
1996_UZB,UZB,1996,0.048,0,0.042
1998_UZB,UZB,1998,0,0,0
2000_UZB,UZB,2000,0.154,0,0.114
2002_UZB,UZB,2002,0,0,0
2004_UZB,UZB,2004,0.235,0,0.174
2006_UZB,UZB,2006,0,0,0
2008_UZB,UZB,2008,0.244,0.067,0.196
2010_UZB,UZB,2010,0,0,0
2012_UZB,UZB,2012,0.167,0,0.113
2014_UZB,UZB,2014,0,0,0
2016_UZB,UZB,2016,0.574,0,0.386
1988_VAN,VAN,1988,0,0,0
1992_VAN,VAN,1992,0,0,0
1996_VAN,VAN,1996,0,0,0
2000_VAN,VAN,2000,0,0,0
2004_VAN,VAN,2004,0,0,0
2008_VAN,VAN,2008,0,0,0
2012_VAN,VAN,2012,0,0,0
2016_VAN,VAN,2016,0,0,0
1932_VEN,VEN,1932,0,0,0
1948_VEN,VEN,1948,0,0,0
1952_VEN,VEN,1952,0.028,0,0.026
1956_VEN,VEN,1956,0,0,0
1960_VEN,VEN,1960,0.032,0,0.028
1964_VEN,VEN,1964,0,0,0
1968_VEN,VEN,1968,0.174,0,0.174
1972_VEN,VEN,1972,0,0,0
1976_VEN,VEN,1976,0.087,0,0.063
1980_VEN,VEN,1980,0.054,0,0.054
1984_VEN,VEN,1984,0.12,0,0.115
1988_VEN,VEN,1988,0,0,0
1992_VEN,VEN,1992,0,0,0
1996_VEN,VEN,1996,0,0,0
1998_VEN,VEN,1998,0,0,0
2000_VEN,VEN,2000,0,0,0
2002_VEN,VEN,2002,0,0,0
2004_VEN,VEN,2004,0.03,0.067,0.042
2006_VEN,VEN,2006,0,0,0
2008_VEN,VEN,2008,0,0.02,0.009
2012_VEN,VEN,2012,0.095,0,0.059
2014_VEN,VEN,2014,0,0,0
2016_VEN,VEN,2016,0.016,0.125,0.047
1980_VIE,VIE,1980,0,0,0
1988_VIE,VIE,1988,0,0,0
1992_VIE,VIE,1992,0,0,0
1996_VIE,VIE,1996,0,0,0
2000_VIE,VIE,2000,0,0.5,0.286
2004_VIE,VIE,2004,0,0,0
2008_VIE,VIE,2008,0.286,0,0.154
2012_VIE,VIE,2012,0,0,0
2016_VIE,VIE,2016,0.6,0,0.273
1988_VIN,VIN,1988,0,0,0
1992_VIN,VIN,1992,0,0,0
1996_VIN,VIN,1996,0,0,0
2000_VIN,VIN,2000,0,0,0
2004_VIN,VIN,2004,0,0,0
2008_VIN,VIN,2008,0,0,0
2012_VIN,VIN,2012,0,0,0
2016_VIN,VIN,2016,0,0,0
1952_VNM,VNM,1952,0,0,0
1956_VNM,VNM,1956,0,0,0
1960_VNM,VNM,1960,0,0,0
1964_VNM,VNM,1964,0,0,0
1968_VNM,VNM,1968,0,0,0
1972_VNM,VNM,1972,0,0,0
1960_WIF,WIF,1960,0.231,0,0.231
1984_YAR,YAR,1984,0,0,0
1988_YAR,YAR,1988,0,0,0
1992_YEM,YEM,1992,0,0,0
1996_YEM,YEM,1996,0,0,0
2000_YEM,YEM,2000,0,0,0
2004_YEM,YEM,2004,0,0,0
2008_YEM,YEM,2008,0,0,0
2012_YEM,YEM,2012,0,0,0
2016_YEM,YEM,2016,0,0,0
1988_YMD,YMD,1988,0,0,0
1920_YUG,YUG,1920,0,0,0
1924_YUG,YUG,1924,0,0,0
1928_YUG,YUG,1928,0.3,0,0.3
1932_YUG,YUG,1932,0,0,0
1936_YUG,YUG,1936,0.021,0,0.018
1948_YUG,YUG,1948,0.333,0,0.299
1952_YUG,YUG,1952,0.691,0,0.602
1956_YUG,YUG,1956,1.045,0,0.885
1960_YUG,YUG,1960,0.617,0,0.569
1964_YUG,YUG,1964,0.317,0,0.302
1968_YUG,YUG,1968,0.864,0.545,0.828
1972_YUG,YUG,1972,0.46,0,0.421
1976_YUG,YUG,1976,0.355,0,0.336
1980_YUG,YUG,1980,0.565,1.25,0.687
1984_YUG,YUG,1984,1.067,1.277,1.114
1988_YUG,YUG,1988,0.85,0.75,0.825
1992_YUG,YUG,1992,0,0,0
1964_ZAM,ZAM,1964,0,0,0
1968_ZAM,ZAM,1968,0,0,0
1972_ZAM,ZAM,1972,0,0,0
1980_ZAM,ZAM,1980,0,0,0
1984_ZAM,ZAM,1984,0.063,0,0.063
1988_ZAM,ZAM,1988,0,0,0
1992_ZAM,ZAM,1992,0,0,0
1996_ZAM,ZAM,1996,0.286,0,0.25
2000_ZAM,ZAM,2000,0,0,0
2004_ZAM,ZAM,2004,0,0,0
2008_ZAM,ZAM,2008,0,0,0
2012_ZAM,ZAM,2012,0,0,0
2016_ZAM,ZAM,2016,0,0,0
1928_ZIM,ZIM,1928,0,0,0
1960_ZIM,ZIM,1960,0,0,0
1964_ZIM,ZIM,1964,0,0,0
1980_ZIM,ZIM,1980,0,3.158,1.429
1984_ZIM,ZIM,1984,0,0,0
1988_ZIM,ZIM,1988,0,0,0
1992_ZIM,ZIM,1992,0,0,0
1996_ZIM,ZIM,1996,0,0,0
2000_ZIM,ZIM,2000,0,0,0
2004_ZIM,ZIM,2004,0,2.333,0.583
2008_ZIM,ZIM,2008,0,0.8,0.308
2012_ZIM,ZIM,2012,0,0,0
2014_ZIM,ZIM,2014,0,0,0
2016_ZIM,ZIM,2016,0,0,0
2020_USA,USA,2020,0.393,0.07,0.218
2020_CHN,CHN,2020,0.764,0.077,0.287
2020_JPN,JPN,2020,0.231,0.014,0.128
2020_GBR,GBR,2020,0.388,0.03,0.2
2020_AUS,AUS,2020,0.101,0.115,0.109
2020_NED,NED,2020,0.28,0.048,0.146
2020_CAN,CAN,2020,0.152,0.015,0.069
2020_BRA,BRA,2020,0.128,0.021,0.077
2020_NZL,NZL,2020,0.102,0.118,0.109
2020_HUN,HUN,2020,0.241,0.033,0.131
2020_KOR,KOR,2020,0.131,0.038,0.089
2020_JAM,JAM,2020,0.083,0.3,0.204
2020_SUI,SUI,2020,0.169,0.056,0.115
2020_RSA,RSA,2020,0.009,0.048,0.023
